date,prices,market_caps,total_volumes
2023-05-03,1.4005671793178134,739983994.6203644,1203334906.8525977
2023-05-04,1.4005671793178134,739983994.6203644,1203334906.8525977
2023-05-05,1.3269125259082506,702556460.8025225,468888030.8799152
2023-05-06,1.3090165398164966,691632510.0649327,538600405.4654943
2023-05-07,1.335342073476207,705681473.6859394,314740496.38104
2023-05-08,1.280845070509632,678445018.1349874,213613958.5905251
2023-05-09,1.1456395054118766,599711576.8404514,419512568.2440893
2023-05-10,1.181978912252886,624083328.3731753,237912834.1875021
2023-05-11,1.181598604138486,624301915.0826889,449633752.8284731
2023-05-12,1.079040552747943,572336615.2329079,207659511.37651753
2023-05-13,1.1179222265978297,591489222.2425399,266987063.3651105
2023-05-14,1.0989088879653923,581908259.8392556,94038649.88875328
2023-05-15,1.1607268926318264,613922798.1246532,215749196.17063695
2023-05-16,1.2148245699756746,642057577.7481537,330968347.82282114
2023-05-17,1.1654712570041563,615627648.6858141,205023386.00742084
2023-05-18,1.2137379181339818,638355492.8665025,257130613.8946596
2023-05-19,1.1437684965614368,608424932.429319,114791181.66085409
2023-05-20,1.132540771643802,602342135.3570111,67041016.472955614
2023-05-21,1.128792439558394,596271422.1070783,65169899.474980704
2023-05-22,1.0731953393699492,571102577.3127801,92323368.65177116
2023-05-23,1.0589647989622972,559481050.3989662,108892319.73151384
2023-05-24,1.057345369919909,558419791.5427227,123214315.72577676
2023-05-25,0.9859535265581614,520524718.1781283,228023011.6681132
2023-05-26,0.9864726642611362,521761830.1357402,131688903.53783162
2023-05-27,0.9945585216130004,525355230.8977198,97780762.12037791
2023-05-28,1.0026053211586403,529619890.73234135,70058258.50082897
2023-05-29,1.0639919210290905,562774155.1102034,129158742.77271084
2023-05-30,1.0430039573926395,552015905.6495198,233025095.88708717
2023-05-31,1.004961600586773,531980984.24736047,153348696.68822634
2023-06-01,0.9782248126191638,518537296.58556825,76930674.35340461
2023-06-02,0.9460909620025356,500389366.7686001,64604991.81030515
2023-06-03,0.9490422096106056,500871012.3592667,150726694.0156586
2023-06-04,0.9349483311341398,494510048.47329545,106904005.85095344
2023-06-05,0.963233228037502,510702163.1825978,82209934.33655794
2023-06-06,0.8187850614245712,437261118.380187,197052033.42101687
2023-06-07,0.8385264996449133,443496956.49925613,163744550.82895708
2023-06-08,0.7632292249205819,403156331.9896886,122162786.76992837
2023-06-09,0.7395497079384044,391105931.03943735,130773289.98851427
2023-06-10,0.7458647507376053,393813187.2043903,116584925.01146224
2023-06-11,0.6175099248475145,326197748.9755042,240465818.5501023
2023-06-12,0.609277693383773,317943382.69168323,88603072.62576109
2023-06-13,0.6713173696892397,354259934.8256559,264751794.73612425
2023-06-14,0.7065914268410178,373360212.2602315,336591166.4098315
2023-06-15,0.6604368478771987,347527927.38884217,197823408.25167704
2023-06-16,0.6566471300841255,346380946.3359682,136427892.4426818
2023-06-17,0.7057917414984058,372711540.03249,83457024.96204142
2023-06-18,0.753241693407009,398380483.11548615,168980829.48020262
2023-06-19,0.7172679497260988,378941430.1034536,125474128.82157704
2023-06-20,0.7836597214915425,413497168.81228155,126385744.05027446
2023-06-21,0.8241599419116046,433168419.85730726,247533157.9458193
2023-06-22,0.8337669684245278,440088231.125486,181894819.6313838
2023-06-23,0.8085036288960571,427665893.4805654,292566156.0156844
2023-06-24,0.7971244391555352,421164677.6264021,116582188.32114698
2023-06-25,0.754771500654631,398696125.7036805,78622974.78778952
2023-06-26,0.745346772919725,393729632.01689273,67055199.09002938
2023-06-27,0.7235424525391886,381325577.6936688,76346227.89621352
2023-06-28,0.7204883806397968,380272471.2462124,83049450.58965884
2023-06-29,0.6648730556086109,351259819.6627675,71709664.27390584
2023-06-30,0.6803560069732029,359758178.4648846,88424107.02792645
2023-07-01,0.6906588651383738,402155938.9431744,104020327.31048325
2023-07-02,0.6880945850342005,449073575.2574278,40123414.203593336
2023-07-03,0.6899442713303812,449551082.71969056,68436995.33866568
2023-07-04,0.6973958590863572,456482449.5990729,97498159.73221532
2023-07-05,0.6870499962960671,450273281.2317324,88358763.22144273
2023-07-06,0.6625881294787315,433953011.3084106,57045685.52290961
2023-07-07,0.651705931497926,427262430.0721588,52859655.315804675
2023-07-08,0.6600909598662207,431880139.3739062,41694454.92370676
2023-07-09,0.6520490585004002,426665103.05986905,22164088.3815823
2023-07-10,0.658571813615854,430796022.1161703,19517696.56099427
2023-07-11,0.6549754789040588,428236356.2617998,40556398.41565071
2023-07-12,0.6553414310824939,428917292.1897769,27431884.8852443
2023-07-13,0.6563418431982114,429791947.43655026,52156442.9739056
2023-07-14,0.6988129568609017,456311828.1423075,113123860.93100443
2023-07-15,0.680591669712429,445149641.75175744,152536037.39922678
2023-07-16,0.6823419430169186,446687733.2285746,54393033.473430246
2023-07-17,0.672586648391501,440025749.20630926,48697929.86042738
2023-07-18,0.7220625055868117,472721487.0666131,76764973.98176455
2023-07-19,0.7398736333968843,483757415.1685947,457671907.7260539
2023-07-20,0.7102786861561137,464598155.04582906,107433977.8702718
2023-07-21,0.6891838719866634,451351401.8638323,70361282.64988749
2023-07-22,0.6842529274162652,447960030.68585414,42117186.764734246
2023-07-23,0.6910828033348773,453454071.0760115,39911146.445010774
2023-07-24,0.679475370190247,444747999.04594535,37368238.56044113
2023-07-25,0.6370586397151624,416810252.73359406,60200069.54740013
2023-07-26,0.6374616294762335,416887370.0263757,38899761.24821562
2023-07-27,0.6341662011398708,415079814.34390426,43009477.57994456
2023-07-28,0.630214212632891,412508477.9439287,33349240.587589
2023-07-29,0.6305469789368351,412769311.1721688,30459741.852608528
2023-07-30,0.6394881413856719,418915793.9561125,21843731.61149388
2023-07-31,0.6213552127302281,406611521.9025568,31915182.461236343
2023-08-01,0.632744627729473,414132486.2592132,35831870.58600249
2023-08-02,0.6463208199830991,466009362.01141,76230790.64546101
2023-08-03,0.6129886476982905,443370973.61051816,53138860.938308954
2023-08-04,0.5929448524667372,430114102.7953595,72799218.15199964
2023-08-05,0.592119365142706,427985072.5536657,49639988.65511548
2023-08-06,0.5914341600819976,427356842.7019684,44593599.78904628
2023-08-07,0.590853445884995,427316899.40925777,56830001.261806265
2023-08-08,0.5820246988508297,420666567.8177416,64011189.29817539
2023-08-09,0.5950100321940917,430357739.6377232,65966658.24923573
2023-08-10,0.5955158159634059,430777747.0834175,76349898.61722948
2023-08-11,0.6040175353243143,436617816.15880567,61648070.79935179
2023-08-12,0.6048150891816143,437248457.2392873,62034916.46531843
2023-08-13,0.6077523668410625,439665456.5220118,50181853.98901915
2023-08-14,0.5977587868976963,431492512.52430034,51656831.57804433
2023-08-15,0.5991956290229634,433439583.0047857,55356388.454097986
2023-08-16,0.5629960326894369,407228708.20847267,59785975.15132438
2023-08-17,0.526010528371396,380320905.7395379,86290246.335961
2023-08-18,0.4735912435757655,343364622.65058774,109335333.81232166
2023-08-19,0.4844218893018529,350791832.3040696,89276365.21903372
2023-08-20,0.5557574958824891,401602065.5001911,128311459.4580644
2023-08-21,0.5444008574291148,393672682.6889945,139967414.9467167
2023-08-22,0.5142687007104505,372192297.11920565,116705113.46255758
2023-08-23,0.5373534447664133,388206546.7953127,163680511.21615544
2023-08-24,0.6021143905121057,435730168.3278345,218964671.93671048
2023-08-25,0.5711023871987175,413080433.2040272,144647625.25536728
2023-08-26,0.556113334157244,401277273.9152533,112345477.62923698
2023-08-27,0.5893662868616002,426436581.1717525,136827337.39686504
2023-08-28,0.5825023413630244,421207468.7799902,87973065.97763723
2023-08-29,0.5476703780509636,395988121.0537269,90645145.5470168
2023-08-30,0.5457791309174048,394788658.6671621,110016217.590291
2023-08-31,0.5259025043198902,380546724.1674784,82289114.70800214
2023-09-01,0.4997466240250048,360732528.3799197,74918997.38847977
2023-09-02,0.4881336849804319,386718522.6093032,77010919.06884506
2023-09-03,0.4906357215989601,388663996.0346198,50365146.12604299
2023-09-04,0.4838369643929469,383277082.8469535,55637619.14403982
2023-09-05,0.4830226607781132,382650162.6557687,63031877.33526693
2023-09-06,0.4906711605506668,389035666.1622667,59149413.27048412
2023-09-07,0.4809597797983596,380738318.66064507,64070560.41468051
2023-09-08,0.4848338831509377,383254810.8236146,46948440.193626866
2023-09-09,0.4814104350189599,381096570.8678473,43538627.190489054
2023-09-10,0.480968723093083,380816457.6357813,27291859.658336803
2023-09-11,0.4550238843699315,360345365.5470791,44239351.1993952
2023-09-12,0.4254091157605879,336827101.90591854,57957142.23784809
2023-09-13,0.4276706771769106,338474523.60605663,70255946.12139875
2023-09-14,0.4426831197113479,350138729.1746414,55556828.62227356
2023-09-15,0.4450334113782755,352887974.15693665,46148660.13040333
2023-09-16,0.4461968266211792,352848818.186304,45341288.53181431
2023-09-17,0.4651812298877181,368045349.3792115,54982966.72582498
2023-09-18,0.4354177552704809,343740472.5981625,38989007.99675862
2023-09-19,0.4486850637467997,355525937.76898134,47604013.45526143
2023-09-20,0.4544107806131845,359171807.05423236,48437418.564046465
2023-09-21,0.446489598583719,353741038.6858878,43403421.62194924
2023-09-22,0.4393752414534452,347818624.05914164,43861907.70842615
2023-09-23,0.4450258373369475,352193081.93057036,21178132.162306223
2023-09-24,0.4452892932471117,352138727.31760144,18587179.09595288
2023-09-25,0.4375738170304074,346465393.92830914,39752098.769410685
2023-09-26,0.4421868768093697,350102807.8269574,39976683.889835715
2023-09-27,0.4385363169717466,347200512.49240315,34632147.436404906
2023-09-28,0.4367374353252993,345976684.9522981,44724275.717732936
2023-09-29,0.4461531465113373,353307101.1488046,34504118.826462656
2023-09-30,0.4805878219733292,381147600.2882977,145623194.33233947
2023-10-01,0.4705643386984339,372946516.4973667,51816401.46901568
2023-10-02,0.5039469163835706,433501831.24446774,75705290.89160715
2023-10-03,0.4680463199036715,402872454.1448788,58772209.457609475
2023-10-04,0.4442023559368583,382896372.65673053,111104857.9001316
2023-10-05,0.4421882401928078,380773656.9098616,69332922.79645467
2023-10-06,0.4348256654202357,373852137.779576,60291247.755195946
2023-10-07,0.443317734114601,381331406.8277202,46212397.65962866
2023-10-08,0.4423561450729486,380428206.91353273,45326078.73481345
2023-10-09,0.4383611633523132,377104424.111608,20690572.4165759
2023-10-10,0.4156390694145243,357513372.0355799,40638694.51357957
2023-10-11,0.4155970824892919,357688284.900714,21226326.705979858
2023-10-12,0.4094701032470734,352337295.4721777,31972489.651048917
2023-10-13,0.4070862647599417,350886333.9059739,26673032.761358906
2023-10-14,0.4130630579478153,355146608.0900319,30537973.863879565
2023-10-15,0.4156738261142677,358489979.1718399,21079572.59001336
2023-10-16,0.409929009595657,352826882.46487,31793081.60154425
2023-10-17,0.4116987549200216,354934877.5354362,68734083.79822788
2023-10-18,0.3810072127607548,328228016.3126405,67580854.82468314
2023-10-19,0.3828878381767024,329211135.25439936,45613159.47341261
2023-10-20,0.371148829401612,319248201.34620416,50746489.412850074
2023-10-21,0.383199224535209,329656299.0276338,54329805.064717054
2023-10-22,0.3905136118767935,335877601.15712416,53215527.88608497
2023-10-23,0.4032619952663763,344574518.0534809,79043547.31529512
2023-10-24,0.4190755204635636,360039854.2661041,87995630.77789669
2023-10-25,0.4327499428271398,371534777.3788107,176591410.028667
2023-10-26,0.4356002691221289,374585943.80620146,105229279.95189156
2023-10-27,0.4406121990445164,378770203.42016584,108884098.7058837
2023-10-28,0.4312750603421049,371066025.6092223,79574312.39739901
2023-10-29,0.4649136823932037,399432233.9574821,94613941.766885
2023-10-30,0.4532508660830213,389714251.31363034,53948208.19042528
2023-10-31,0.4635290146544011,398445330.6187981,80957380.08185613
2023-11-01,0.4432814019655837,380870316.6280146,100263582.90306208
2023-11-02,0.4654157207124574,448993274.95551544,79334580.24699977
2023-11-03,0.458319299858006,442839867.0577082,115246145.6196478
2023-11-04,0.4551023317026618,438975346.6302005,90258385.52503346
2023-11-05,0.5050742293082837,488016320.2750122,133963221.7339835
2023-11-06,0.5020974541077436,484424579.0468047,140489357.43098685
2023-11-07,0.5246233940837645,505192326.09646326,130255627.55287148
2023-11-08,0.5246525997296513,506801239.083117,141090047.9155195
2023-11-09,0.5817920428414256,561783450.6296273,196147783.6581815
2023-11-10,0.5572584074107775,537034193.9646119,228530655.61656055
2023-11-11,0.6145587035245919,594845657.0182475,211212114.96428663
2023-11-12,0.594238380344738,573849549.9689369,162093418.73614952
2023-11-13,0.619396052471031,598160146.019676,136416494.97038397
2023-11-14,0.6059428573017198,587985146.4283727,228994528.5494376
2023-11-15,0.5683165647044237,549491553.4084656,161072193.63496268
2023-11-16,0.6196243585266072,597572668.3114957,142277143.2913218
2023-11-17,0.5659634988479179,546437362.0584713,164740979.62333173
2023-11-18,0.5504691761968415,531717757.2882429,133212381.87211505
2023-11-19,0.5456976636115501,526913936.6993957,88004617.9768992
2023-11-20,0.5647902603655854,545605543.5856338,61002015.38530597
2023-11-21,0.555290200061101,536130989.5363058,76715397.1079905
2023-11-22,0.5071756835792922,490167075.3091903,116513812.35021466
2023-11-23,0.5565727088282927,537739088.7034568,74324981.91470104
2023-11-24,0.5874802585088997,566920376.1976264,124958700.42026542
2023-11-25,0.6276981952232921,606066269.7423941,130075282.94772196
2023-11-26,0.6556191273534318,632108308.0064962,148945464.25614864
2023-11-27,0.6357355243382639,613546077.8479207,96960476.04670262
2023-11-28,0.5930866080090937,572560841.8078289,90883340.55638996
2023-11-29,0.6175351434278188,596632114.759775,96749175.7709705
2023-11-30,0.6001496420458049,579734037.6060225,77094604.46377303
2023-12-01,0.5965311362153846,576697228.7513635,123117745.51505724
2023-12-02,0.6131850026099036,632834775.3342552,75422761.61934802
2023-12-03,0.6256435788641119,646422338.0023044,64140293.63383985
2023-12-04,0.6169485620195517,636509790.8519579,66425090.489932805
2023-12-05,0.6303448790485854,651749469.6822926,235783171.31864783
2023-12-06,0.6434557971690754,665301495.6052632,173834795.49607798
2023-12-07,0.6213230218376625,642625748.6842821,116058785.24443528
2023-12-08,0.67041743861267,692956412.6074886,143926547.8148118
2023-12-09,0.7070589952250728,730684103.0822824,134104937.00984588
2023-12-10,0.6776664081333098,699681760.7522075,116279661.0060552
2023-12-11,0.691719456390338,714682377.678545,58663767.31264261
2023-12-12,0.627954197612352,648527536.85013,153977147.23077962
2023-12-13,0.6573796793988972,678864064.6097505,128487752.01303431
2023-12-14,0.6538465420780918,675840529.6513036,102413422.12750596
2023-12-15,0.6549798068014051,676400857.6660798,91096355.341602
2023-12-16,0.6177220616498346,638594638.4533852,83006838.12730904
2023-12-17,0.6298836486887601,651284448.6499735,89839250.12070325
2023-12-18,0.611378664930761,631412967.7648544,59044322.78755692
2023-12-19,0.6089535532826952,629050502.570961,80191779.72880389
2023-12-20,0.6786394488439558,702257479.7926576,299948964.08513546
2023-12-21,0.6856735214541039,708280701.5013413,330944711.79414725
2023-12-22,0.6873805019140647,710438851.9217864,163579431.5794902
2023-12-23,0.6967250984713491,720389653.1422144,154588162.09233007
2023-12-24,0.7497066649002415,774852781.0069133,263899392.76930928
2023-12-25,0.716563812683772,740939977.8475971,165064427.99903947
2023-12-26,0.8149005524592406,842083371.1638846,126677682.55739067
2023-12-27,0.8873017630543008,916678174.0824728,417498232.7855869
2023-12-28,0.8311030569975502,857816244.2045486,242307187.48133588
2023-12-29,0.7982179171122273,827299861.0596066,202185128.51662177
2023-12-30,0.8043423115016276,829378971.636483,185055334.49020123
2023-12-31,0.8106643384642863,838907178.7176799,117008748.52843916
2024-01-01,0.7770881976570376,803684630.8951927,119086128.96558158
2024-01-02,0.8431751914565428,925877990.9375386,129127961.41883372
2024-01-03,0.9048458086378502,997263700.8172288,249345707.47492737
2024-01-04,0.8424850528974303,927695386.8396198,281415318.9806348
2024-01-05,0.8549785445067141,940805926.0600848,208668255.33846492
2024-01-06,0.8937038438485799,982800082.182922,246977905.589312
2024-01-07,0.8322231658182947,915555648.3509448,264618583.18911663
2024-01-08,0.7989934039206413,878477114.3596135,142027162.67650092
2024-01-09,0.8622677335927226,951180509.7934964,231074645.697598
2024-01-10,0.79796432269631,878037753.904705,171981283.6907207
2024-01-11,0.8410402110018814,927760262.552719,205915476.21602792
2024-01-12,1.0874802387441889,1198910488.2582693,661773018.4993193
2024-01-13,1.172495265999783,1289352080.3352551,737848166.2748682
2024-01-14,1.2930700485155642,1422645884.757689,636748280.5733294
2024-01-15,1.2610946008095458,1391387456.8656003,378691980.4000753
2024-01-16,1.3762227058000902,1516495539.908069,544909622.8543391
2024-01-17,1.2769436905507656,1406598534.293145,312141579.2636199
2024-01-18,1.2879206293952294,1418351959.846527,325897056.6844926
2024-01-19,1.1560251455839792,1273971442.6316593,359069103.6213431
2024-01-20,1.1635770142006945,1280453754.1756094,321916223.4562186
2024-01-21,1.098169613799573,1211377405.4989798,215022638.1432667
2024-01-22,1.0673267413929597,1175343410.3432884,153595751.07535905
2024-01-23,1.0683683771169274,1172839341.372186,316965065.23701125
2024-01-24,1.1861401407065568,1304107977.9253182,619944192.9021227
2024-01-25,1.2938576703703328,1424551365.9981558,477949215.65924406
2024-01-26,1.1758141610729804,1296695034.65796,318770823.70497525
2024-01-27,1.4458077112345908,1591101166.904033,485789625.3024117
2024-01-28,1.3913256066885886,1528055953.826477,321945478.2405426
2024-01-29,1.3334420880344602,1470095672.274434,204560937.45784947
2024-01-30,1.5668514193740768,1726864688.0787394,519737474.5220291
2024-01-31,1.5471565275307306,1700326345.5438428,446594551.9362584
2024-02-01,1.5206393758033865,1677759331.694945,505400747.49881935
2024-02-02,1.5286942082354626,1782801659.3016305,420164847.7277981
2024-02-03,1.463400376074718,1707646463.8794975,280694539.84411794
2024-02-04,1.4331934716411878,1671043559.3901193,246336866.9469936
2024-02-05,1.4677696111191307,1711427807.782055,278024003.4476677
2024-02-06,1.571918226221597,1832285457.0605717,387575486.8566835
2024-02-07,1.5195159920428227,1771169693.534981,298052024.75157666
2024-02-08,1.548178003296368,1803443916.2502697,375883215.803247
2024-02-09,1.530725021188168,1786065119.9911914,239708146.32859612
2024-02-10,1.7647411510488478,2074610085.1435435,327772531.0548216
2024-02-11,1.732739066306808,2019902546.8692944,281110788.9869128
2024-02-12,1.6955692318507265,1974568215.131106,221812373.81639063
2024-02-13,1.7664444577295513,2057270945.899579,385491720.34412014
2024-02-14,1.864060967692358,2178010411.1436024,398364128.0318611
2024-02-15,1.9085489540232736,2224979440.047605,333571760.05186105
2024-02-16,1.8699519823893076,2181058016.3854194,306921492.0135059
2024-02-17,1.8119350984853233,2114063007.168551,243646910.4261153
2024-02-18,1.7660638879747528,2061659298.3880863,182491866.25096488
2024-02-19,1.798230879813974,2096521398.7357929,215194186.2094941
2024-02-20,1.773659559332783,2065537608.7455945,228690036.72135505
2024-02-21,1.720898463225897,2007837164.4470189,344840931.85781157
2024-02-22,1.69184646000208,1971954321.0969007,198297394.12021425
2024-02-23,1.725574390722453,2011224666.5661476,483343879.2150197
2024-02-24,1.606930369397627,1874089272.377602,413928931.8261656
2024-02-25,1.6351086232780443,1906418718.8322363,251999390.4673999
2024-02-26,1.6476601079614743,1922033060.8472617,165298588.29578567
2024-02-27,1.6700151124635565,1947753361.8278792,294581957.6683126
2024-02-28,1.6109058730438424,1877364965.2851837,348310319.6551076
2024-02-29,1.594805652854671,1860857787.5800288,504500488.17187816
2024-03-01,1.6817958762135767,1966786243.663391,287588178.0829778
2024-03-02,1.6913887236347058,2081341570.264877,295838316.68726444
2024-03-03,1.6225576572517066,1997340525.8766649,320809797.1906505
2024-03-04,1.559801723595452,1917973813.6736925,276333954.0893528
2024-03-05,1.4897437173392143,1834320010.9981644,353565437.4312057
2024-03-06,1.404927121858575,1729399138.7314796,673095014.64588
2024-03-07,1.476804035619102,1817207829.744476,426171237.5973964
2024-03-08,1.584017908540957,1960048259.800579,391538757.85507613
2024-03-09,1.55051639157794,1908124535.0254593,321442710.2110264
2024-03-10,1.5875371581563869,1953222231.2567887,301639056.4146762
2024-03-11,1.554556319884634,1912652433.562765,271203939.925266
2024-03-12,1.5746993995387433,1940078653.3650184,316963527.2583279
2024-03-13,1.596218261448658,1962073959.570465,428249986.6700434
2024-03-14,1.6186720284145262,1991909495.459008,333360973.2655454
2024-03-15,1.5708364199865803,1932604266.92856,396495987.6703767
2024-03-16,1.488027904909391,1835682793.4383073,493282108.5895085
2024-03-17,1.6168069632931732,1989387679.628871,876048637.6304234
2024-03-18,1.600161993365688,1958627083.8624935,469990440.04353887
2024-03-19,1.5265868515671095,1879674741.489927,651273929.197668
2024-03-20,1.6511216455467663,2034270655.3067527,838131352.2034755
2024-03-21,1.7477108426914612,2150443654.9900866,689105420.7427458
2024-03-22,1.824509514397757,2246016736.01448,717426247.7061692
2024-03-23,1.714994452174179,2107388396.0161831,455573431.8715483
2024-03-24,1.6481915961821176,2030797545.6896193,239778341.86647385
2024-03-25,1.6818611486818882,2072621356.1866152,211825498.51081756
2024-03-26,1.7048100801882882,2096163244.7091937,277991795.538281
2024-03-27,1.8875428230861273,2316695259.569459,462218445.8444587
2024-03-28,2.0909183496863117,2566547700.649801,1026464950.1779692
2024-03-29,2.0234497565107334,2489364381.1304364,487986251.3647145
2024-03-30,1.9093104945790276,2351431099.597385,477287686.37103933
2024-03-31,1.881978647043925,2312559002.598918,232827202.50705364
2024-04-01,1.9144998437891068,2351239534.320778,272606401.6085821
2024-04-02,1.941135998579545,2516387528.943085,652835925.6813638
2024-04-03,1.734495782692862,2250778904.3761377,517739675.588129
2024-04-04,1.672238227007739,2169033606.0923953,329896607.4427915
2024-04-05,1.6827089375088369,2178119676.8944535,234585123.14973497
2024-04-06,1.6129233966432004,2091578232.2283008,245883220.31093693
2024-04-07,1.6260148160227106,2109704814.3033547,133900124.91702469
2024-04-08,1.63986315119251,2125161137.943744,171250397.94859144
2024-04-09,1.711804984340476,2218776830.263465,212388954.1492583
2024-04-10,1.5778194781661925,2051277241.5726123,242159120.0227506
2024-04-11,1.5192119208962822,1969237190.6557276,290529122.9880146
2024-04-12,1.4903385521447636,1931685533.5469697,221833691.9029494
2024-04-13,1.243465067516236,1610957511.1094377,447344949.870144
2024-04-14,1.0700425330096628,1388542531.4851274,526672232.5190252
2024-04-15,1.1975679662792138,1553138021.239669,359741502.0053086
2024-04-16,1.1718189376587662,1514581675.2346177,359251739.51665366
2024-04-17,1.2254515897991909,1590823143.3900394,311456053.2015484
2024-04-18,1.2570644602092185,1629545156.1070805,388052883.84904414
2024-04-19,1.2513734325310577,1624032733.921128,270663739.44680876
2024-04-20,1.3387442694209748,1735116947.9900107,351659563.9861858
2024-04-21,1.429473534115494,1852584916.483604,197310260.5147175
2024-04-22,1.3696310165689982,1774581587.5437603,166512485.79530263
2024-04-23,1.3917787558479982,1803810796.9703948,211549655.75008097
2024-04-24,1.3228602112375656,1715424502.3939502,173104137.4235342
2024-04-25,1.2511040300373582,1619758954.389453,227961343.91628036
2024-04-26,1.224290654638195,1587004528.956051,193791742.95111048
2024-04-27,1.17393967092842,1520420625.1260638,130036703.77538554
2024-04-28,1.2145335509922874,1574035413.8337786,179521290.1102613
2024-04-29,1.2164749345410997,1575629818.2712214,131235704.28169867
2024-04-30,1.1918768297252829,1544874882.1744046,156994779.3511346
2024-05-01,1.1420377330665363,1483257142.1037917,248824153.47213545
2024-05-02,1.1478890616706523,2686467163.541467,224997649.5986247
2024-05-03,1.122784332840483,2627196454.8420534,144928310.50363082
2024-05-04,1.1124223733845835,2600618715.6534743,233507695.43012324
2024-05-05,1.0898982971613758,2550683217.9013925,232745208.9846315
2024-05-06,1.0938381037534812,2558783413.2442493,182532614.1586019
2024-05-07,1.094029525743886,2561185591.044871,271378254.6756588
2024-05-08,1.0810048988721226,2533596488.062794,253217313.23384443
2024-05-09,1.0133232028091306,2373836604.481945,180244197.92187905
2024-05-10,1.025919471644041,2400654753.7411532,188624573.50426108
2024-05-11,1.0081582258316364,2359666593.836694,256948682.80571815
2024-05-12,0.9920339895004552,2321041027.3726344,105714861.28579816
2024-05-13,1.0032434684651954,2346594710.8244195,88459174.71025571
2024-05-14,0.9670536460186966,2262278009.1728687,172449455.50674355
2024-05-15,0.8948903679276955,2093525018.296274,159226205.97313333
2024-05-16,0.9912787921514816,2323328241.6188107,222455548.04223877
2024-05-17,1.026599214539509,2404094088.9338107,249551364.69130555
2024-05-18,1.0782973779410288,2520785647.177245,196231088.30022624
2024-05-19,1.080815797929347,2528716668.5918345,144278012.17143446
2024-05-20,1.028560861171434,2400560761.453885,106963283.41244632
2024-05-21,1.145093345260865,2677279829.5222616,242319543.27340913
2024-05-22,1.1387483404588272,2663864772.901665,208058832.27411255
2024-05-23,1.1058049766576508,2588502642.353045,187858991.94231817
2024-05-24,1.0736274135108317,2515814989.7433577,257529398.0263102
2024-05-25,1.0690599156348637,2501364703.880562,142064969.7003018
2024-05-26,1.0621567353928083,2482230273.10292,82771473.03107554
2024-05-27,1.0417655772297705,2438427199.047792,110201708.96034248
2024-05-28,1.07179392116073,2507473867.0626736,116463535.2316798
2024-05-29,1.0309795730856708,2413895736.5651865,149990561.9221002
2024-05-30,1.0154212927382966,2374043118.259163,106696336.76241662
2024-05-31,1.014511623594877,2371942057.1058064,135084088.24865136
2024-06-01,1.025604594200431,2400751768.650988,104401106.2006794
2024-06-02,1.0247117486374615,2482911418.3356504,76457869.81488472
2024-06-03,1.015511780377504,2465932726.8221617,105535846.08790852
2024-06-04,1.0404436025187334,2524450169.2408137,130471834.77230582
2024-06-05,1.054319087715245,2557847821.379259,119596876.21745944
2024-06-06,1.1048628623727372,2678846363.4875455,183027622.14601427
2024-06-07,1.11312438280031,2700564111.0985527,181295457.76899335
2024-06-08,1.0782422930967563,2618329526.713218,346422545.25595
2024-06-09,1.1059153614506974,2683867592.6383195,357704462.00435174
2024-06-10,1.0938208233486495,2650894572.943786,308924598.31737953
2024-06-11,1.0346639045192052,2508257152.8794713,298911405.71030813
2024-06-12,0.9934121052149502,2410270953.0720925,277579827.4332203
2024-06-13,1.0179085873401514,2466697885.7245803,225620021.9997539
2024-06-14,0.9640404425974024,2345574471.9074836,170477229.76465797
2024-06-15,0.9299118734398266,2255447186.6386647,188272607.708196
2024-06-16,0.9421634733695516,2288237754.0341635,111029422.28654549
2024-06-17,0.9683621878329536,2348962423.807407,94011559.27488284
2024-06-18,0.891808145677611,2163669840.2408404,188554525.6396806
2024-06-19,0.8003960357870731,1937211758.1897888,266278682.75120413
2024-06-20,0.8641681463010009,2095186218.5623891,163677631.09486634
2024-06-21,0.8927184489113379,2167309964.015445,168903081.20420876
2024-06-22,0.9176559805241554,2224365539.709448,178232960.36346108
2024-06-23,0.8902963858907366,2159240632.631754,104692774.91069402
2024-06-24,0.8800875137956042,2135354857.929963,133453128.00413416
2024-06-25,0.8950638145636103,2174081337.758961,205187363.03449064
2024-06-26,0.8781512338265203,2130331619.7058525,133546797.64521872
2024-06-27,0.8291758198099145,2011092358.859159,120943805.3208379
2024-06-28,0.8338127335797108,2023268892.5020597,109313721.046626
2024-06-29,0.7893133295919449,1916495077.9457748,111510039.69279538
2024-06-30,0.7805002325584974,1895588876.285307,79508603.93474954
2024-07-01,0.818876843698241,1985548408.71228,91644214.32904182
2024-07-02,0.8074924803010477,2026166097.343187,90811356.0951232
2024-07-03,0.8230749311915491,2065223210.8320355,91685745.95553602
2024-07-04,0.775979930453007,1947634937.8442864,133362120.45026216
2024-07-05,0.6729526085369129,1685054145.2907553,189246809.95782316
2024-07-06,0.6433569125192067,1615212992.2352066,274531416.82288235
2024-07-07,0.6947499258954031,1744544657.2471547,95153707.0467506
2024-07-08,0.6391187117313452,1602036471.0445452,98017952.07785337
2024-07-09,0.6732640330388079,1690285435.791466,148647770.27019292
2024-07-10,0.7407145597750008,1861845113.0435815,136555952.68588856
2024-07-11,0.7365293270224351,1852330899.8467276,136429244.57229054
2024-07-12,0.7567293932325165,1898283882.0235293,177226661.20644417
2024-07-13,0.7483359415218038,1876330772.276836,138954748.4994531
2024-07-14,0.7578917895897411,1906145223.7077007,81271914.01150507
2024-07-15,0.8063515579228172,2025899709.3340008,131326097.37182476
2024-07-16,0.8482756159341523,2131885350.059184,162048406.03987682
2024-07-17,0.8688391366982304,2182978189.838642,197730867.51508585
2024-07-18,0.8414893708359169,2114722116.1856,160730225.45035565
2024-07-19,0.8105826454503064,2035554941.603057,155824038.81234923
2024-07-20,0.8540672663490978,2145595049.2402573,150860255.89554515
2024-07-21,0.8501681236707788,2135538705.403769,161511116.83961517
2024-07-22,0.8594745434610864,2160624674.508233,133392786.39441876
2024-07-23,0.8327665122901423,2092595335.9826756,192855947.8908655
2024-07-24,0.8151957512832327,2047941698.5407145,131342767.4502251
2024-07-25,0.7705172665496138,1934439711.182602,108695307.08133452
2024-07-26,0.7489739142478327,1881578636.410814,142132545.65773883
2024-07-27,0.787898158299313,1979605779.8211195,106837275.5386656
2024-07-28,0.7863832733356851,1975558746.428681,103764274.40341198
2024-07-29,0.7494119080482203,1882987292.6542864,76754210.96557647
2024-07-30,0.739955429714561,1861862129.1467152,123537111.04235885
2024-07-31,0.707984963444864,1778605845.6465151,110459430.87223925
2024-08-01,0.7073463189180131,1770891757.5229406,106595830.59308776
2024-08-02,0.6959465938359928,1806322906.922297,134781626.61376363
2024-08-03,0.6368368387657795,1652896795.6713398,137614972.61903143
2024-08-04,0.6111984840335426,1585374220.5901768,126376712.42028733
2024-08-05,0.5744891779369671,1491909466.3212504,141698757.55374548
2024-08-06,0.5369272579645537,1392556261.84966,406638174.36511874
2024-08-07,0.6005973088829539,1560105573.4207304,203227990.51637855
2024-08-08,0.6158400193690813,1598773730.525414,266220742.02925712
2024-08-09,0.8579542505601074,2214408286.1392465,400424753.8890057
2024-08-10,0.8559412438205924,2222186453.8576856,373833957.4388032
2024-08-11,0.9208032638625258,2390473881.589836,379850330.1560891
2024-08-12,0.8753509702750694,2273201146.652834,377464302.7171337
2024-08-13,1.0146724687562072,2634155512.8241196,980762433.6789978
2024-08-14,0.9551872585168588,2476358922.662317,449912984.9298057
2024-08-15,0.9314694763855762,2418174985.050815,383339874.50041735
2024-08-16,0.8419446603310986,2184646641.9412546,348549737.1090014
2024-08-17,0.8121953878416065,2109457988.4693208,277918956.37550145
2024-08-18,0.8286296078457391,2147818156.32132,218560051.06140956
2024-08-19,0.8237211195368199,2140946913.4257743,243201700.3865825
2024-08-20,0.9070214420325104,2361584471.9372582,330170306.2473324
2024-08-21,0.8718780667166715,2264145392.868491,270938856.05022055
2024-08-22,0.8506085078919695,2206538300.056563,216886753.17981327
2024-08-23,0.8507863771209848,2212011269.9704933,147004465.16156062
2024-08-24,1.0138647442469284,2630507486.3856425,527120640.659606
2024-08-25,1.021088691613257,2645187199.838938,379193108.97665745
2024-08-26,0.996622739833683,2584745813.653729,262604458.3485973
2024-08-27,0.9288230364423272,2409551410.4617815,287090076.58498365
2024-08-28,0.850084879516113,2209340930.652269,354059045.11302555
2024-08-29,0.812630843476151,2112865741.3140848,349029733.3333892
2024-08-30,0.8038747973173476,2087653830.1116529,200685895.2906761
2024-08-31,0.832698371160662,2164560261.522931,230173692.3989977
2024-09-01,0.7973909055960918,2068498210.383737,103273508.60662784
2024-09-02,0.7634092761110737,2046857435.1864312,147437761.64381438
2024-09-03,0.7853426399666246,2106016102.342137,216630811.5566775
2024-09-04,0.7867496125513386,2116141665.0416129,288810042.61851984
2024-09-05,0.809679925120235,2167418296.4234757,321871855.9007844
2024-09-06,0.7973588403008924,2137444067.8170297,243436923.26635668
2024-09-07,0.8360236142317813,2241754932.485148,413550671.1413717
2024-09-08,0.890469479614725,2383222467.860171,314835116.4438326
2024-09-09,0.9359090586255177,2514007462.958575,453666116.7246734
2024-09-10,0.9534666569338248,2559610830.544586,484201582.90017134
2024-09-11,0.9186918245867802,2459889854.1286736,343309214.5189487
2024-09-12,0.9321412453831902,2499770251.8160057,311747127.07401526
2024-09-13,1.041028943362713,2789234133.9682593,740313314.3652396
2024-09-14,1.0283593607905792,2757038670.187426,353161087.10229933
2024-09-15,1.0407053445754468,2786006715.0660434,314403352.826202
2024-09-16,1.0825910805097796,2905024404.264287,502138394.316836
2024-09-17,1.0434051491523249,2804324639.8961062,524650254.3615356
2024-09-18,1.168463728641916,3131455122.387812,577901643.5286385
2024-09-19,1.2947057163821711,3462677059.7806964,778522415.4432043
2024-09-20,1.3858637681235677,3717731506.2868967,969884093.9588754
2024-09-21,1.4655015378563294,3925305223.490777,1079196164.6459773
2024-09-22,1.4893056522139478,3991285160.058238,576848450.1581538
2024-09-23,1.5780486989277156,4228311369.958685,953051151.40844
2024-09-24,1.534456305705568,4116933018.981878,564642163.7758939
2024-09-25,1.747364668396515,4682694067.442035,1216396684.1583245
2024-09-26,1.6990619636655135,4536062164.291728,846998251.8184112
2024-09-27,1.6488120333843557,4421509811.347048,905122797.8236406
2024-09-28,1.6595235481223771,4447403924.676446,659086268.5800247
2024-09-29,1.690081932328978,4530513812.576139,421224249.2096356
2024-09-30,1.7614906650295168,4727024691.488289,955636588.377204
2024-10-01,1.7759590612431102,4757894316.30934,833271020.1067513
2024-10-02,1.7699417682770602,4902134291.123311,1616767226.696851
2024-10-03,1.840038766699644,5083958375.1099415,1273573315.9887605
2024-10-04,1.6757118825210735,4639918274.457497,1655664505.293121
2024-10-05,1.772526393933093,4897530618.708205,1320501495.9583118
2024-10-06,1.7581099057239122,4857924482.2285185,460139835.7954259
2024-10-07,1.8409972225772,5089492823.814903,733018372.3318363
2024-10-08,2.029031213026386,5615143475.940724,2002122369.1531
2024-10-09,1.98770779713734,5496047729.15087,1540110513.698788
2024-10-10,1.8769154693699404,5186629000.872619,1079258402.1917908
2024-10-11,1.8314947951540053,5060818999.287079,1004763489.0716867
2024-10-12,2.053148014831685,5672923424.914546,1472528371.9957004
2024-10-13,2.24170399369927,6195878168.620368,1573729810.4728537
2024-10-14,2.3408987820393152,6475877320.006593,1280060963.1152177
2024-10-15,2.250291250881008,6226451748.812283,1463964804.071177
2024-10-16,2.05072443653971,5659665240.582557,1720096673.208567
2024-10-17,2.0839656063568355,5740547957.906691,1233409810.1681356
2024-10-18,2.0226329285994886,5586457019.99207,868795796.0079961
2024-10-19,2.128873030590839,5885954750.421095,808213747.3247008
2024-10-20,2.064906677595255,5703624148.503284,471581653.74920714
2024-10-21,2.126240568930124,5875661143.003627,589273190.7763649
2024-10-22,2.014617081044524,5568082038.555412,787418119.504116
2024-10-23,1.936054394394911,5350410993.216459,703323760.0354645
2024-10-24,1.9788389456517383,5468538532.450964,903986001.5415868
2024-10-25,1.934664218082024,5342759153.765517,742356806.9516741
2024-10-26,1.7320448740062977,4758429595.37244,908726575.7675284
2024-10-27,1.7952317483751186,4960897532.457889,708864571.5610441
2024-10-28,1.7505456263856518,4837354373.755022,532803079.53417134
2024-10-29,1.7760522226481028,4913840327.388607,996842310.808554
2024-10-30,2.0640180674190463,5694014725.856604,1686945530.8653855
2024-10-31,2.0940116257839865,5794224771.311295,1184566098.376487
2024-11-01,1.9733853038054163,5457125646.88151,863316820.0174927
2024-11-02,1.991717876391068,5667010540.8809595,1139136225.3770745
2024-11-03,1.911173989800605,5442366757.54479,505622861.739672
2024-11-04,1.952599421534052,5555424356.618169,924188195.2897176
2024-11-05,1.854421118195456,5274852079.1503935,898335852.7291474
2024-11-06,2.006968033927973,5714858375.784058,1087005134.2398934
2024-11-07,2.3055172587541453,6563125973.774844,2416189978.21223
2024-11-08,2.3162366496307025,6596464473.977898,1337185864.5223036
2024-11-09,2.2939738724508874,6537101843.346007,829410494.9488133
2024-11-10,2.767160210310343,7945265796.0785055,1992984849.1862783
2024-11-11,3.029423349724457,8611285934.063612,4318427234.733163
2024-11-12,3.2413403971683445,9224868329.117369,3707519755.459994
2024-11-13,3.2411282916456803,9236235888.256924,2854737097.491433
2024-11-14,3.2891139131509863,9353949825.820858,3026740107.8177633
2024-11-15,3.346733084646828,9512917655.607391,2426663184.0417585
2024-11-16,3.6123990400121393,10264987905.245983,2147227654.690209
2024-11-17,3.758661600407315,10676690643.10885,2160844052.5272865
2024-11-18,3.793604743540792,10814029753.403755,1827861686.3051136
2024-11-19,3.705758430222303,10548083082.586838,1609056773.3477416
2024-11-20,3.73213479143864,10624850809.278528,1462823156.3816366
2024-11-21,3.544656430030538,10106195737.396671,2090644272.012438
2024-11-22,3.642549277181274,10387153609.790049,2230431950.133786
2024-11-23,3.564788973986595,10144148211.753458,1578337853.216044
2024-11-24,3.4406638331424864,9772504245.890203,2244900366.218933
2024-11-25,3.3955177879044163,9662769020.77849,1966910408.098705
2024-11-26,3.1939870460619426,9080647166.613256,1907137233.5307176
2024-11-27,3.437336375989591,9776895457.100634,3196128165.538238
2024-11-28,3.4383915140942785,9769732073.466444,1522722901.1349304
2024-11-29,3.4477142095053273,9810930761.469324,1557348666.1319058
2024-11-30,3.4898833358290027,9944375149.14607,1391814669.447746
2024-12-01,3.4903215998391652,9934380929.61596,806292385.0745267
2024-12-02,3.4744090975703332,10170610366.500051,1114160806.0669098
2024-12-03,3.392018447958141,9931082533.099424,1607808772.6350358
2024-12-04,3.7102317955115223,10872176101.728174,3128402702.3687525
2024-12-05,3.6721064086966657,10739287262.218576,2169269390.686038
2024-12-06,4.220303251080122,12351106277.191525,5835585128.456685
2024-12-07,4.220492383206244,12356166808.945238,3106246345.239786
2024-12-08,4.260439774963818,12527312713.09066,1495356250.4383197
2024-12-09,4.25330841413893,12452383792.593525,1243738325.33759
2024-12-10,3.825906764408686,11176446733.618574,3069693126.5877795
2024-12-11,3.712431039384077,10859019753.71734,3531898028.766607
2024-12-12,4.372282471753663,12797825641.049894,3001616228.7017775
2024-12-13,4.620513668988369,13522926672.10157,4099648815.32841
2024-12-14,4.743800545245708,13872221413.099745,2188729324.329308
2024-12-15,4.460467011664585,13061553743.314508,1470154940.7192428
2024-12-16,4.819895270092734,14086024675.296455,1526971654.233276
2024-12-17,4.628558395977351,13566512029.273573,1948713136.707407
2024-12-18,4.636098451218198,13583457062.784792,1592485059.6629803
2024-12-19,4.329300804992032,12659765892.979942,2301662280.3282466
2024-12-20,4.092943477437273,12004928106.319124,3166000738.280808
2024-12-21,4.564787326590686,13355812726.328772,4291084954.2750072
2024-12-22,4.357367685162443,12738576714.503113,3003914826.283585
2024-12-23,4.3024604535926905,12624316373.498775,2322733220.855751
2024-12-24,4.707136764827649,13780421985.64939,2457909005.509235
2024-12-25,4.61228790602904,13463011358.331911,1447951329.0100691
2024-12-26,4.507653052914146,13208306295.62732,1106206243.8097725
2024-12-27,4.187332111575813,12288135710.460217,1303812811.083961
2024-12-28,4.0801461198542395,11951476750.346111,1215439832.345487
2024-12-29,4.205090486880547,12301801006.73427,873007466.9253981
2024-12-30,4.1034287043334325,12012820946.294577,658169635.3974793
2024-12-31,4.169404696966147,12181411829.592,852217490.56896
2025-01-01,4.118603015862578,12061745642.828028,958345521.727092
2025-01-02,4.269666583811272,12837694591.574488,711801321.8057398
2025-01-03,4.35173858147713,13095110420.60686,911076913.4336828
2025-01-04,4.959400556902818,14960968613.435217,1328920950.677133
2025-01-05,5.297819504838293,15926827307.465134,2282690426.4117336
2025-01-06,5.237884047854145,15793226633.029194,1204559170.806889
2025-01-07,5.080190137379911,15272113302.554638,1320853132.390888
2025-01-08,4.792710834869421,14424816979.793102,1591189851.074444
2025-01-09,4.888628496622713,14732933378.20915,2218567029.5043516
2025-01-10,4.747202480759613,14262422500.750029,1960476809.0268896
2025-01-11,5.141553548893267,15503951953.176142,2588818495.6681566
2025-01-12,4.971392505068294,14973415582.840776,971595428.6492344
2025-01-13,4.733488582332075,14242274497.622288,754409737.268018
2025-01-14,4.7475115180208025,14287181856.731688,2357173253.28221
2025-01-15,4.587792819112528,13808211954.040903,1312663297.831982
2025-01-16,4.850329636156683,14595959429.02983,1707673007.8120766
2025-01-17,4.7577921469814655,14316072960.890694,915836609.7416234
2025-01-18,4.856106026346662,14614915631.364132,1595833074.1970875
2025-01-19,5.015581196120385,15093050285.153357,1814054276.1197965
2025-01-20,4.502742550109692,13552209142.241844,2591862501.2026715
2025-01-21,4.3822873089046475,13194043442.40957,2655434108.6047907
2025-01-22,4.65941545002527,14013763899.40119,1739727725.0196347
2025-01-23,4.462930905366384,13448628557.682518,876888547.292832
2025-01-24,4.315608358487608,12993015278.922195,1260620853.235432
2025-01-25,4.187984871351703,12595770265.727638,1229415350.45126
2025-01-26,4.138278217266177,12460923078.331676,776586721.5907756
2025-01-27,3.865475187122147,11647133224.165686,794069865.6921362
2025-01-28,3.960372022476053,11909419390.02266,2527372768.4796147
2025-01-29,3.6486540466330024,10970646386.148771,797442172.6440954
2025-01-30,3.7029959604429328,11152252655.418253,1219980381.9023857
2025-01-31,4.1207925310248275,12406170303.320894,1631349309.472824
2025-02-01,4.08523317394472,12282453918.01597,920991546.5239116
2025-02-02,3.7578974977583375,11626203918.073566,649173544.9458234
2025-02-03,3.288853752992191,10166910868.959251,1282367269.283836
2025-02-04,3.644883982527047,11286028542.419172,5014157110.579207
2025-02-05,3.615512754554269,11147842943.222383,2574079821.8487954
2025-02-06,3.3293470626498083,10272394007.289017,1383521117.2080252
2025-02-07,3.136012409824577,9675581787.855984,1484694299.1645272
2025-02-08,3.001364234887233,9265681303.760777,1675661800.838176
2025-02-09,3.075274356573514,9509124532.988491,891628389.6326244
2025-02-10,3.0007149624208465,9272509607.231983,895701807.6801609
2025-02-11,3.208046016946289,9912141855.932356,1488159937.5674686
2025-02-12,3.3187086926335967,10273672839.802809,1564905450.574988
2025-02-13,3.589125662158988,11058960077.42262,1851384310.7903
2025-02-14,3.470157531539914,10731685730.69212,1189470953.6575463
2025-02-15,3.561665208515822,11004029718.467104,1080471446.8458931
2025-02-16,3.418998207945065,10563966682.75087,598718960.0779254
2025-02-17,3.266159152777938,10087438274.51062,454943491.119905
2025-02-18,3.2150978154518155,9931070752.840605,785486617.8863556
2025-02-19,3.0599993463337847,9454992445.089537,1144710119.5767305
2025-02-20,3.2152290818240625,9934562620.47479,1009220718.892163
2025-02-21,3.449202202560767,10651779606.811516,983447337.922105
2025-02-22,3.269871298170626,10109035150.900642,1277362517.6594765
2025-02-23,3.4183122361084854,10561583908.982153,702727095.9245872
2025-02-24,3.376593027261383,10422684297.397404,557401230.4758158
2025-02-25,2.8320888540040956,8742138916.48383,1547587018.0000508
2025-02-26,2.955695852676604,9146634163.262426,2332321034.4006915
2025-02-27,2.8659902256195755,8858706307.326832,1457628260.6842687
2025-02-28,2.7869095836436144,8602728002.186287,875360074.977285
2025-03-01,2.831568283470982,8751693903.34782,1368715980.1812668
2025-03-02,2.8185071448469388,8933112112.616272,635361501.3843286
2025-09-10,3.469516213223144,12382292450.264534,1458857240.432132
2025-09-11,3.620341293415209,12920147721.638042,1137294772.1618943
2025-09-12,3.6640266548572393,13077025960.96253,1025503768.831974
2025-09-13,3.718767514816712,13274666649.43553,1139422647.4036536
2025-09-14,3.8167141005756786,13630207191.287582,1518709497.9473107
2025-09-15,3.69071473841085,13169162192.42106,1079035742.6273952
2025-09-16,3.5221831715688565,12550415218.349089,1246941527.3623192
2025-09-17,3.600704313072818,12848461872.742048,1112021507.9845154
2025-09-18,3.7760483884493703,13486623371.538849,1533784716.7980015
2025-09-19,3.894393032341043,13893737367.972744,2018590270.3993127
2025-09-20,3.6389126511677232,12980257029.703018,1820710959.907793
2025-09-21,3.657530815282523,13051758995.591156,764438395.329114
2025-09-22,3.615038153439538,12910446638.619047,680194459.090314
2025-09-23,3.3637203079780553,11999919213.523458,1806536290.8965344
2025-09-24,3.3254510870957468,11875830537.942144,1033274810.7275534
2025-09-25,3.3608063361040204,11988257225.05551,1026318519.9388896
2025-09-26,3.107913143831175,11095562909.33913,1844551699.3705423
2025-09-27,3.222975239956812,11499612939.748404,1332753916.539466
2025-09-28,3.182049481598592,11362483451.70243,502756306.8647488
2025-09-29,3.278047807206306,11699300414.217554,646032897.2480485
2025-09-30,3.2826583369509077,11718730940.259932,969332175.233504
2025-10-01,3.2589189569817805,11619790891.59033,935203029.3772773
2025-10-02,3.5214383314496156,12773471362.29792,1392421533.6729355
2025-10-03,3.582294139231992,12983301860.069536,1269053210.2114546
2025-10-04,3.582136289260382,12995875835.089855,1350861821.9816012
2025-10-05,3.623608412725209,13148596153.372654,844936131.4594467
2025-10-06,3.5630672012142877,12918933014.241646,1272877569.558217
2025-10-07,3.6295675069059814,13173097035.748531,1204875677.9295907
2025-10-08,3.4533003326050067,12519844945.177113,1250615093.821118
2025-10-09,3.533548759499529,12811157095.26647,1041357060.7019296
2025-10-10,3.4090456604836676,12356737503.18509,1075550705.6285722
2025-10-11,2.631964218235797,9691781765.783564,3838689960.5457153
2025-10-12,2.5459002017776737,9225428411.263096,2498130481.320273
2025-10-13,2.8059385487941455,10169059404.869362,2283968001.1439133
2025-10-14,2.9889183549131313,10837049602.866096,2408312407.4669065
2025-10-15,2.824668552670934,10244697636.98488,2251002170.0733695
2025-10-16,2.678628789724692,9711310789.078283,1344902026.8113196
2025-10-17,2.514960197872809,9118599164.403637,1529557411.3211985
2025-10-18,2.440276162341919,8851791766.480309,1986679098.491364
2025-10-19,2.5009344345375353,9066344969.205292,631916777.3242977
2025-10-20,2.579239410892325,9354571634.856846,1004225399.9920912
2025-10-21,2.5751518820416015,9338063844.796898,866444137.9069469
2025-10-22,2.4910484276179807,9030677439.371763,1232041966.987644
2025-10-23,2.382948438584745,8636822551.375755,1210127395.7867618
2025-10-24,2.428771262477275,8803828793.17914,768630470.3753651
2025-10-25,2.523001964799902,9149266383.614506,802837364.2293175
2025-10-26,2.533036798292034,9184806728.920769,492604473.7081656
2025-10-27,2.676273183768987,9707638737.455532,727769802.287491
2025-10-28,2.6083922523002325,9451879485.832636,932035325.2057034
2025-10-29,2.509803351142991,9099931982.934732,958361380.910998
2025-10-30,2.51038159826991,9098225038.659212,983946754.6751684
2025-10-31,2.288553241889142,8291926150.527087,1338884062.5332935
2025-11-01,2.364424731081505,8576027433.619533,858753298.9983572
2025-11-02,2.3781231577463764,8754643378.088493,475659532.8471141
2025-11-03,2.3555512670908674,8670392412.55805,581884044.5041968
2025-11-04,2.0683744126378065,7616537724.825052,1423237321.3055289
2025-11-05,1.981253139713404,7289784720.515807,2107690596.8529656
2025-11-06,2.0336903809123226,7487556038.597147,1299830929.4926317
2025-11-07,1.961820385256321,7218396573.133488,993426308.148834
2025-11-08,2.144719839380834,7905052356.171584,1296285321.8666923
2025-11-09,2.120379004453873,7808032674.722299,851441234.1038741
2025-11-10,2.14224963484036,7882364855.769364,726779172.4655298
2025-11-11,2.1638839371354184,7981238511.521202,868100231.032109
2025-11-12,2.006334549306427,7392262498.111057,847621563.84664
2025-11-13,1.9638926081372547,7227518561.662203,710293351.4111613
2025-11-14,1.8741394946499332,6919527760.853025,1076449236.4263916
2025-11-15,1.7454321744424417,6433896309.171472,1806213827.878028
2025-11-16,1.7675753754412171,6507987542.431492,731622164.3767406
2025-11-17,1.684994518797962,6205009184.931241,907268337.3973094
2025-11-18,1.613515022396955,5921606255.624247,1172103608.825195
2025-11-19,1.6662370075453714,6131345967.93276,911944002.4633412
2025-11-20,1.600831741805291,5893594838.572206,905650285.238232
2025-11-21,1.4987179600239096,5533530139.25142,985154767.1931002
2025-11-22,1.3918222888763865,5124612820.316522,1611272955.3302832
2025-11-23,1.3451651994120883,4954986007.647211,577057217.8774152
2025-11-24,1.367224258420509,5037186499.325146,571320475.146178
2025-11-25,1.52604695754525,5622206119.852049,1078540158.3457446
2025-11-26,1.5660011630620474,5800429830.845584,1037964062.6332382
2025-11-27,1.5415702977224617,5671611936.170773,817011224.9803482
2025-11-28,1.543927484287973,5683699587.487824,583448210.6688999
2025-11-29,1.5232642041814608,5607671951.829684,646472336.9932684
2025-11-30,1.5000596502195735,5520890755.493168,314948307.9891502
2025-12-01,1.5061444838927538,5560372008.748924,445042476.6792527
2025-12-02,1.3471023181206057,5036497762.760536,914479825.3200214
2025-12-03,1.6277546363985975,6082226258.995587,1187189849.6097465
2025-12-04,1.7022236996667142,6364138973.787399,1581730542.8639803
2025-12-05,1.660459399459438,6209132120.818254,801837317.2705383
2025-12-06,1.5574267864583122,5820406924.325302,906708715.1830708
2025-12-07,1.5632572096758368,5828019872.825645,542507207.6552495
2025-12-08,1.5757466817147423,5883784347.859813,981023155.2862216
2025-12-09,1.6120728975186087,6023643113.021132,845858415.3214514
2025-12-10,1.6591310820064655,6200060478.983378,937246033.6567606
2025-12-11,1.6175408859115807,6043707990.41668,978590637.0305908
2025-12-12,1.6133760266478696,6028970601.061369,958675019.148495
2025-12-13,1.5609721925553963,5835284386.066127,807904279.4910692
2025-12-14,1.6050454917904304,5997617407.831084,386986483.0367898
2025-12-15,1.55376054304528,5800420964.494241,652811243.1200871
2025-12-16,1.4685456067036835,5486135046.286865,880428849.8506445
2025-12-17,1.5118110783346683,5646880375.942756,768642550.3320754
2025-12-18,1.420109592923501,5307030300.620903,864493544.5071654
2025-12-19,1.3452131843901316,5025191477.897615,928601091.2404754
2025-12-20,1.4815176267707075,5534007200.963552,895589252.7250413
2025-12-21,1.454603353416437,5433337854.1780205,311890925.5210588
2025-12-22,1.4463354994080486,5407814223.564024,443403244.7751165
2025-12-23,1.4596302913516066,5449738615.848986,640646022.5472751
2025-12-24,1.4343043620168197,5361845807.879981,454969621.0515243
2025-12-25,1.4156452509643105,5290551477.91355,406491201.6709208
2025-12-26,1.361024574344955,5081224150.7004595,367372110.8007633
2025-12-27,1.3969412176219576,5218878279.791994,437627232.6409732
2025-12-28,1.4504390358749448,5413861253.309711,295343159.18133974
2025-12-29,1.4447277988980105,5399946876.698222,342188205.31599194
2025-12-30,1.4377939456006132,5372483928.496787,658819051.2678856
2025-12-31,1.4343680290372662,5359983552.31513,478344691.0432725
2026-01-01,1.4025705255563714,5243632007.722881,463832093.5647646
2026-01-02,1.4703665653116436,5577777864.958872,378310203.865892
2026-01-03,1.6063559848005615,6093083406.096685,870988283.8023076
2026-01-04,1.6664505614292684,6323402742.457192,753625846.74596
2026-01-05,1.6901070618211744,6404547425.024319,881966399.4064718
2026-01-06,1.9015467236303951,7216384095.009214,1564670034.5697932
2026-01-07,1.9057577792368312,7227612346.5650625,2054131509.1261504
2026-01-08,1.8162581163302072,6883200743.9232855,1107846229.829466
2026-01-09,1.8176150804161153,6897070225.612893,1106807944.4468844
2026-01-10,1.809821117647052,6863328338.738609,848988659.1204767
