,AV,GXIG,VALMT,SGOB,SN,LOIM,OREP,VOPA,SOGN,AXFO,AAL,OMVV,AHT,STMMI,CGCBV,AKZO,IBE,MNDI,TEL,UMG
2010-03-31,10.0,10.0,0.001,0.001,10.0,0.001,10.0,1.0,0.001,10.0,0.001,10.0,0.001,0.001,0.001,0.1,0.001,0.001,0.001,0.001
2010-04-07,0.1,1.0,0.001,0.001,0.1,0.001,0.1,0.001,0.001,10.0,0.001,0.01,0.001,0.1,10.0,0.1,0.001,0.001,0.001,0.001
2010-04-14,0.001,0.001,0.001,0.001,10.0,0.001,0.1,0.01,0.001,10.0,0.001,0.1,0.001,0.001,0.001,0.1,0.001,0.001,0.001,0.001
2010-04-21,0.01,0.001,0.001,0.001,0.1,0.001,0.1,0.001,0.001,1.0,0.001,10.0,0.001,0.001,0.01,0.01,0.001,0.001,0.001,0.001
2010-04-28,0.001,0.001,0.001,0.001,0.01,0.001,1.0,0.001,0.001,10.0,0.001,0.001,0.001,0.001,0.001,0.001,0.001,0.001,0.001,0.001
2010-05-05,1.0,0.001,0.001,0.001,0.001,0.1,1.0,10.0,0.001,10.0,10.0,0.001,0.001,10.0,0.01,0.001,10.0,10.0,0.001,0.001
2010-05-12,0.01,0.001,0.001,0.001,0.1,0.001,1.0,10.0,0.001,0.001,0.001,0.001,0.001,0.001,0.001,0.001,0.001,0.001,0.001,0.001
2010-05-19,10.0,0.001,0.001,0.001,0.001,0.001,0.001,10.0,0.001,10.0,0.001,0.001,0.001,0.001,0.001,0.001,0.001,0.001,0.001,0.001
2010-05-26,1.0,0.001,0.001,0.001,0.001,1.0,0.001,10.0,0.001,10.0,0.001,0.001,0.001,0.001,0.001,0.001,0.001,0.001,0.001,0.001
2010-06-02,10.0,1.0,0.001,0.001,0.001,0.001,0.001,0.001,0.001,0.01,0.001,0.001,0.001,0.001,0.001,0.001,0.001,0.001,0.001,0.001
2010-06-09,1.0,0.001,0.001,0.001,10.0,0.001,0.001,0.001,0.001,10.0,0.001,0.001,0.001,0.001,0.001,0.001,0.001,0.001,0.001,0.001
2010-06-16,10.0,0.001,0.001,0.001,0.001,0.001,0.001,1.0,0.001,10.0,0.001,0.001,0.001,0.001,0.001,0.001,0.001,0.001,1.0,0.001
2010-06-23,0.001,0.001,0.001,10.0,0.001,0.001,0.001,0.001,0.001,0.01,0.001,0.001,0.001,0.1,0.001,0.001,0.001,0.001,0.001,0.001
2010-06-30,0.001,1.0,0.001,0.001,1.0,0.001,0.001,0.001,0.001,10.0,0.001,0.001,0.001,0.001,0.001,0.001,0.001,0.001,0.001,0.001
2010-07-07,0.001,0.1,0.001,0.001,0.001,0.001,0.001,0.001,0.001,1.0,0.001,0.001,0.001,0.001,0.001,0.001,0.001,0.001,0.001,0.001
2010-07-14,0.001,0.001,0.001,0.001,0.001,0.001,0.001,0.001,0.001,10.0,0.001,0.001,0.1,0.001,0.001,0.001,0.001,0.001,0.001,0.001
2010-07-21,0.001,0.1,0.001,0.001,10.0,0.001,0.001,0.001,0.001,0.001,0.001,0.01,0.01,0.001,0.001,0.001,0.001,0.001,0.001,0.001
2010-07-28,0.001,0.1,0.001,0.001,0.1,0.001,0.001,0.001,0.001,0.001,0.001,0.001,0.001,0.001,0.001,0.001,0.001,0.001,0.001,0.001
2010-08-04,0.001,10.0,0.001,0.001,0.001,0.001,0.01,0.001,0.001,0.001,0.001,0.001,0.001,0.1,0.001,0.001,0.001,0.001,0.001,0.001
2010-08-11,0.001,10.0,0.001,0.001,0.001,0.01,1.0,0.001,0.001,0.01,0.001,0.001,0.001,10.0,0.001,0.001,0.001,0.001,0.001,0.001
2010-08-18,0.001,1.0,0.001,0.001,10.0,10.0,0.001,0.001,0.001,0.001,0.001,0.001,0.001,0.001,0.001,0.001,0.001,0.001,10.0,0.001
2010-08-25,10.0,10.0,0.001,0.001,0.001,1.0,0.001,0.001,0.001,0.1,0.001,0.001,0.001,0.001,0.001,0.001,0.001,0.001,10.0,0.001
2010-09-01,10.0,0.01,0.001,0.001,0.01,10.0,1.0,0.001,0.001,10.0,0.001,0.001,0.001,0.001,0.001,0.001,0.001,0.001,0.1,0.001
2010-09-08,10.0,0.001,0.001,0.001,0.01,0.1,0.01,10.0,0.001,10.0,0.001,0.001,0.001,0.001,0.001,0.001,0.001,0.001,0.01,0.001
2010-09-15,0.01,0.001,0.001,0.001,0.1,10.0,0.01,0.01,0.001,10.0,0.001,0.001,0.001,0.001,10.0,0.001,0.001,0.001,10.0,0.001
2010-09-22,0.01,0.001,0.001,10.0,0.01,10.0,0.01,0.1,0.001,10.0,0.001,0.001,0.001,0.001,10.0,0.001,0.01,0.001,10.0,0.001
2010-09-29,10.0,0.001,0.001,0.001,0.01,0.01,0.001,10.0,1.0,0.001,0.001,0.001,0.001,0.001,1.0,0.001,0.001,0.001,0.001,0.001
2010-10-06,0.1,0.001,0.001,10.0,0.01,0.1,0.001,0.001,0.001,10.0,0.001,0.001,0.001,0.001,0.001,10.0,0.001,10.0,1.0,0.001
2010-10-13,0.001,0.001,0.001,0.001,0.01,0.01,0.001,0.001,10.0,0.001,1.0,0.001,0.001,0.001,10.0,10.0,0.01,1.0,0.01,0.001
2010-10-20,0.001,0.001,0.001,0.001,10.0,1.0,0.001,0.001,0.01,0.001,0.001,0.1,0.001,1.0,0.001,0.1,0.01,10.0,0.01,0.001
2010-10-27,0.001,0.01,0.001,0.001,0.01,10.0,0.001,0.001,0.1,0.001,0.001,10.0,0.001,0.01,0.001,1.0,0.01,1.0,0.01,0.001
2010-11-03,0.01,10.0,0.001,0.001,0.01,1.0,0.01,0.001,0.1,0.001,0.01,10.0,0.001,0.001,0.001,0.1,0.01,0.01,0.001,0.001
2010-11-10,0.001,10.0,0.001,0.001,0.01,0.001,10.0,0.001,0.1,0.01,0.01,1.0,0.001,10.0,0.001,1.0,0.01,10.0,0.1,0.001
2010-11-17,10.0,10.0,0.001,0.001,10.0,0.001,10.0,0.001,10.0,1.0,0.001,0.001,0.001,10.0,0.1,1.0,0.001,0.1,0.001,0.001
2010-11-24,0.1,10.0,0.001,10.0,10.0,0.001,0.001,0.001,0.1,1.0,0.001,0.001,0.001,0.001,0.001,0.001,0.001,10.0,0.001,0.001
2010-12-01,10.0,10.0,0.001,0.001,10.0,10.0,0.001,0.001,10.0,10.0,10.0,10.0,0.001,0.001,1.0,0.01,0.1,10.0,0.001,0.001
2010-12-08,0.001,0.001,0.001,0.001,0.01,0.001,0.001,0.001,10.0,10.0,0.001,10.0,0.001,0.001,10.0,0.01,10.0,0.001,10.0,0.001
2010-12-15,10.0,0.001,0.001,10.0,10.0,0.001,0.001,0.001,0.001,10.0,0.001,10.0,0.001,0.001,0.001,0.1,0.001,0.001,0.001,0.001
2010-12-22,10.0,0.001,0.001,0.001,10.0,0.001,0.001,0.001,0.001,0.001,0.001,10.0,0.001,0.001,0.001,0.1,0.001,0.001,1.0,0.001
2010-12-29,10.0,0.001,0.001,0.001,0.001,0.001,0.001,0.01,0.001,0.001,10.0,0.001,0.001,0.001,0.001,10.0,10.0,10.0,1.0,0.001
2011-01-05,10.0,10.0,0.001,0.001,0.001,0.001,0.001,0.001,0.001,10.0,0.001,0.01,0.001,0.001,0.001,1.0,0.001,10.0,0.001,0.001
2011-01-12,0.1,10.0,0.001,0.001,0.001,0.001,0.001,0.1,0.001,10.0,0.001,0.001,10.0,0.01,0.001,1.0,10.0,0.001,0.001,0.001
2011-01-19,0.01,10.0,0.001,0.1,0.001,0.001,10.0,0.001,0.001,10.0,0.001,0.1,10.0,0.001,1.0,1.0,0.001,0.001,0.1,0.001
2011-01-26,0.001,10.0,0.001,1.0,0.001,0.001,0.01,0.001,0.001,0.001,0.001,1.0,10.0,0.001,0.01,10.0,0.001,0.001,0.1,0.001
2011-02-02,0.001,10.0,0.001,0.01,0.001,0.001,0.01,10.0,0.001,10.0,0.001,10.0,10.0,0.001,10.0,0.001,0.001,0.1,0.1,0.001
2011-02-09,0.001,10.0,0.001,0.01,0.001,0.001,0.01,10.0,0.001,1.0,0.001,0.01,0.1,10.0,10.0,0.001,0.001,1.0,1.0,0.001
2011-02-16,0.001,10.0,0.001,0.1,10.0,0.001,0.01,0.001,0.001,0.01,0.001,10.0,0.1,1.0,10.0,10.0,0.001,0.001,0.1,0.001
2011-02-23,0.001,0.001,0.001,1.0,0.01,0.001,0.1,10.0,0.001,10.0,10.0,10.0,10.0,10.0,10.0,10.0,0.1,1.0,0.01,0.001
2011-03-02,0.001,10.0,0.001,10.0,10.0,10.0,10.0,10.0,10.0,0.001,10.0,10.0,10.0,0.001,10.0,10.0,0.001,10.0,0.001,0.001
2011-03-09,0.001,10.0,0.001,0.001,10.0,0.001,10.0,1.0,10.0,1.0,10.0,1.0,0.001,1.0,10.0,0.1,0.001,0.01,0.1,0.001
2011-03-16,0.001,10.0,0.001,0.001,10.0,0.01,10.0,10.0,10.0,0.001,0.001,10.0,0.1,0.001,10.0,10.0,0.001,1.0,0.001,0.001
2011-03-23,0.001,0.01,0.001,0.1,0.1,0.001,10.0,10.0,10.0,0.1,1.0,0.001,0.001,10.0,10.0,0.001,0.001,0.001,0.001,0.001
2011-03-30,0.001,0.01,0.001,1.0,0.1,0.001,0.001,10.0,0.001,0.001,0.01,0.001,0.001,0.001,10.0,10.0,0.001,0.01,0.001,0.001
2011-04-06,0.001,0.01,0.001,0.001,0.01,0.01,10.0,0.001,10.0,0.1,1.0,10.0,0.01,0.001,0.001,10.0,10.0,0.01,0.001,0.001
2011-04-13,0.001,0.01,0.001,0.001,0.001,0.001,0.001,0.001,10.0,10.0,0.01,10.0,0.001,0.001,0.001,10.0,0.001,0.001,10.0,0.001
2011-04-20,10.0,0.001,0.001,10.0,10.0,0.001,0.001,0.001,0.001,0.001,10.0,0.001,0.001,0.001,0.001,10.0,1.0,0.001,0.001,0.001
2011-04-27,10.0,0.001,0.001,0.001,1.0,0.001,0.001,0.001,10.0,10.0,10.0,0.1,0.01,10.0,0.1,0.01,1.0,0.001,0.001,0.001
2011-05-04,10.0,0.001,0.001,10.0,0.001,0.001,0.001,10.0,0.001,0.01,10.0,10.0,10.0,10.0,0.01,0.01,0.001,0.001,0.001,0.001
2011-05-11,0.001,10.0,0.001,0.001,10.0,0.001,0.001,10.0,10.0,10.0,0.01,0.1,0.001,0.001,0.001,0.01,0.001,0.001,0.001,0.001
2011-05-18,0.001,0.001,0.001,0.001,1.0,0.001,0.001,0.1,0.001,0.001,0.001,0.001,10.0,0.001,0.001,0.001,0.001,0.001,0.001,0.001
2011-05-25,0.01,0.001,0.001,0.001,0.001,0.001,0.001,0.1,0.001,0.001,0.001,0.001,10.0,0.001,0.001,0.001,0.001,0.001,0.001,0.001
2011-06-01,0.01,10.0,0.001,10.0,1.0,0.001,0.001,0.01,0.001,0.001,0.001,1.0,10.0,0.01,0.001,0.01,1.0,0.1,10.0,0.001
2011-06-08,1.0,0.01,0.001,10.0,0.001,0.001,0.001,0.1,0.001,0.001,10.0,1.0,10.0,0.001,10.0,1.0,10.0,10.0,0.01,0.001
2011-06-15,0.001,0.001,0.001,0.001,0.001,0.01,0.001,10.0,0.001,1.0,0.001,0.001,10.0,0.001,10.0,10.0,0.001,0.01,1.0,0.001
2011-06-22,0.001,0.001,0.001,10.0,0.001,0.01,0.001,1.0,0.001,0.01,0.001,0.001,10.0,0.001,10.0,10.0,0.001,0.001,0.1,0.001
2011-06-29,0.001,0.001,0.001,10.0,0.001,0.001,0.001,0.001,0.001,0.01,0.001,0.001,0.001,0.001,10.0,10.0,0.001,0.001,0.1,0.001
2011-07-06,0.001,0.001,0.001,10.0,0.001,0.01,0.001,0.001,0.001,0.1,0.001,0.001,0.001,0.001,0.001,1.0,0.001,0.001,10.0,0.001
2011-07-13,0.001,10.0,0.001,0.001,0.001,0.001,0.001,0.001,0.001,0.1,0.001,0.001,0.001,0.001,0.001,10.0,0.001,0.001,10.0,0.001
2011-07-20,0.001,0.001,0.001,10.0,0.001,10.0,10.0,0.001,0.01,0.001,0.001,0.001,0.001,0.001,0.001,0.001,0.001,0.001,10.0,0.001
2011-07-27,0.001,0.001,0.001,0.001,10.0,10.0,10.0,0.001,0.001,10.0,0.001,1.0,0.001,0.001,10.0,1.0,0.001,0.001,10.0,0.001
2011-08-03,0.001,0.001,0.001,0.001,0.001,0.001,0.001,0.01,0.001,0.001,10.0,0.01,0.001,0.001,10.0,10.0,0.001,0.001,10.0,0.001
2011-08-10,0.001,0.001,0.001,0.001,0.001,0.001,0.001,0.001,0.001,0.01,0.001,10.0,0.001,0.001,0.001,1.0,0.001,0.001,10.0,0.001
2011-08-17,0.001,0.001,0.001,0.001,0.001,0.001,10.0,0.001,0.001,10.0,0.001,0.001,0.001,0.001,10.0,10.0,0.001,10.0,0.001,0.001
2011-08-24,0.001,0.001,0.001,0.001,0.001,0.001,1.0,0.001,0.001,10.0,0.001,0.001,0.001,0.001,0.001,0.001,0.001,0.001,0.001,0.001
2011-08-31,0.001,0.001,0.001,0.001,0.001,0.001,1.0,0.001,0.001,10.0,0.001,0.001,0.001,0.001,0.001,0.001,0.001,0.001,0.001,0.001
2011-09-07,0.001,10.0,0.001,0.001,0.001,10.0,10.0,0.001,0.001,10.0,0.001,0.001,0.001,0.001,0.001,10.0,0.001,0.001,0.001,0.001
2011-09-14,0.001,10.0,0.001,0.001,0.001,10.0,10.0,0.001,0.001,10.0,0.001,0.001,0.001,0.001,0.001,10.0,0.001,0.001,0.001,0.001
2011-09-21,0.001,10.0,0.001,0.001,0.001,10.0,10.0,0.001,0.001,10.0,0.001,0.001,0.001,0.001,10.0,10.0,0.001,0.001,0.001,0.001
2011-09-28,0.001,0.001,0.001,0.001,0.001,10.0,0.001,0.001,0.001,0.001,1.0,0.001,0.001,10.0,0.001,0.001,0.001,0.001,1.0,0.001
2011-10-05,0.001,0.001,0.001,0.001,0.01,0.001,0.001,1.0,10.0,0.01,0.001,0.001,0.1,10.0,0.001,0.1,0.001,0.001,0.01,0.001
2011-10-12,0.001,0.1,0.001,0.001,0.01,0.001,0.1,1.0,0.001,0.1,0.001,0.001,0.001,0.1,10.0,0.001,0.001,0.001,0.01,0.001
2011-10-19,0.001,0.1,0.001,0.001,0.01,1.0,0.01,0.001,0.001,0.01,0.001,0.001,0.001,0.001,0.001,0.01,0.001,0.001,0.01,0.001
2011-10-26,0.001,0.001,0.001,0.001,1.0,1.0,0.001,0.001,0.001,0.001,0.001,0.001,0.001,0.001,0.001,0.001,0.001,10.0,0.1,0.001
2011-11-02,10.0,0.001,0.001,0.01,0.01,1.0,0.001,0.01,0.001,0.001,0.001,0.01,0.001,10.0,0.001,0.001,0.001,10.0,0.1,0.001
2011-11-09,0.001,0.001,0.001,0.01,0.01,0.01,0.001,10.0,0.001,0.01,0.001,10.0,0.001,0.001,0.001,0.001,0.001,0.001,0.1,0.001
2011-11-16,0.001,0.001,0.001,0.001,0.001,0.01,0.001,10.0,0.001,1.0,10.0,10.0,0.001,0.001,0.001,0.001,0.001,0.001,0.1,0.001
2011-11-23,0.1,0.001,0.001,0.001,0.1,0.01,0.001,10.0,0.001,0.1,0.001,10.0,0.001,10.0,0.001,0.001,0.001,10.0,0.01,0.001
2011-11-30,0.001,0.001,0.001,0.001,0.001,0.01,0.001,0.01,0.001,0.1,0.001,10.0,0.001,0.001,0.001,0.001,0.001,0.001,0.001,0.001
2011-12-07,0.001,0.001,0.001,0.001,1.0,0.1,0.01,0.001,0.01,0.001,0.001,0.001,0.001,10.0,10.0,10.0,0.001,0.001,0.1,0.001
2011-12-14,0.001,0.001,0.001,0.001,0.001,1.0,0.01,0.001,0.001,0.001,0.001,0.1,0.001,0.001,10.0,10.0,0.001,10.0,0.1,0.001
2011-12-21,10.0,0.001,0.001,0.001,0.001,0.001,1.0,0.001,0.001,0.001,0.001,0.001,0.001,0.001,0.001,10.0,0.001,0.001,10.0,0.001
2011-12-28,0.01,0.001,0.001,0.001,0.001,0.001,0.001,0.001,0.001,0.001,0.001,0.001,0.001,0.001,1.0,1.0,0.001,0.001,0.001,0.001
2012-01-04,0.001,0.001,0.001,0.001,0.001,10.0,0.001,1.0,0.001,0.01,0.001,0.001,10.0,0.001,1.0,0.001,0.001,0.001,10.0,0.001
2012-01-11,0.001,0.001,0.001,0.001,0.001,0.001,0.1,10.0,0.001,0.01,10.0,0.001,10.0,0.1,0.01,0.001,0.001,0.001,10.0,0.001
2012-01-18,0.001,0.001,0.001,0.001,0.001,0.001,0.01,0.001,0.001,0.01,0.01,10.0,0.1,0.1,10.0,0.001,0.001,0.001,10.0,0.001
2012-01-25,0.001,0.1,0.001,0.001,0.001,0.001,0.01,0.01,0.001,0.01,0.01,0.001,0.001,0.001,0.001,0.1,0.01,0.001,10.0,0.001
2012-02-01,0.001,10.0,0.001,0.001,0.001,0.001,1.0,0.001,0.001,10.0,10.0,0.001,0.001,0.001,0.001,0.001,0.01,0.001,0.01,0.001
2012-02-08,0.001,10.0,0.001,0.001,0.001,0.001,0.1,10.0,10.0,10.0,0.001,0.001,0.001,0.001,0.001,0.001,1.0,0.001,10.0,0.001
2012-02-15,0.001,10.0,0.001,0.001,0.001,0.001,0.01,0.1,0.001,0.001,0.1,0.001,0.001,0.001,0.001,0.1,1.0,0.001,0.001,0.001
2012-02-22,0.001,10.0,0.001,0.001,0.01,0.001,0.01,10.0,0.001,1.0,0.01,0.001,0.1,0.01,0.001,10.0,0.01,0.001,0.01,0.001
2012-02-29,0.001,10.0,0.001,0.001,0.1,0.001,0.01,1.0,0.001,1.0,0.1,0.001,1.0,1.0,0.001,10.0,0.1,0.001,10.0,0.001
2012-03-07,0.001,0.001,0.001,0.001,0.01,0.01,0.001,10.0,0.001,0.1,10.0,0.001,10.0,10.0,0.01,10.0,0.01,0.001,10.0,0.001
2012-03-14,0.001,0.001,0.001,10.0,0.1,1.0,10.0,10.0,0.001,0.1,1.0,0.001,0.001,0.001,0.001,10.0,10.0,0.01,10.0,0.001
2012-03-21,0.001,0.001,0.001,0.001,0.01,0.1,0.001,0.001,0.001,0.1,0.001,0.001,0.001,0.001,0.001,0.001,0.001,0.01,1.0,0.001
2012-03-28,0.001,10.0,0.001,0.001,1.0,1.0,0.001,0.001,0.001,0.1,10.0,0.001,0.001,0.001,0.001,0.001,0.001,0.001,1.0,0.001
2012-04-04,0.001,0.001,0.001,0.001,0.001,0.001,0.001,0.001,0.001,0.01,0.001,0.001,10.0,0.001,0.001,0.001,10.0,10.0,0.01,0.001
2012-04-11,0.001,0.001,0.001,0.001,10.0,0.001,0.001,1.0,0.001,0.01,0.001,10.0,0.001,0.001,0.001,0.001,10.0,0.001,0.01,0.001
2012-04-18,0.001,10.0,0.001,0.001,10.0,0.001,0.001,1.0,0.001,10.0,0.001,0.001,0.001,0.001,0.001,0.001,0.001,0.001,10.0,0.001
2012-04-25,0.001,0.001,0.001,0.001,10.0,0.001,0.001,10.0,0.001,1.0,0.001,0.001,0.001,0.001,0.001,0.001,0.001,0.001,10.0,0.001
2012-05-02,0.001,0.001,0.001,0.001,10.0,1.0,0.001,1.0,0.001,1.0,0.001,10.0,0.001,0.001,0.001,0.001,0.001,0.001,10.0,0.001
2012-05-09,0.001,0.001,0.001,0.001,0.001,0.01,0.001,10.0,0.1,1.0,0.001,0.001,0.001,0.001,0.001,0.1,10.0,0.001,10.0,0.001
2012-05-16,0.001,0.001,0.001,0.001,0.001,0.1,0.001,1.0,10.0,10.0,0.001,0.001,0.001,0.001,0.001,1.0,10.0,0.001,10.0,0.001
2012-05-23,10.0,0.001,0.001,0.001,0.001,0.001,10.0,10.0,0.001,10.0,0.001,10.0,0.001,0.001,1.0,0.001,0.001,0.001,10.0,0.001
2012-05-30,1.0,0.001,0.001,0.001,0.001,1.0,0.001,1.0,10.0,0.1,0.001,1.0,10.0,0.1,0.1,0.001,10.0,10.0,10.0,0.001
2012-06-06,0.001,0.001,0.001,0.001,10.0,0.1,0.001,0.001,0.001,10.0,0.001,0.001,10.0,0.001,10.0,0.001,0.001,10.0,10.0,0.001
2012-06-13,0.001,0.001,0.001,10.0,0.001,10.0,10.0,10.0,0.001,0.001,0.001,0.001,0.1,0.001,10.0,0.001,10.0,0.001,10.0,0.001
2012-06-20,10.0,0.001,0.001,0.01,0.001,0.01,0.1,10.0,0.001,0.001,0.001,0.001,0.001,0.001,10.0,0.001,10.0,0.001,10.0,0.001
2012-06-27,0.001,1.0,0.001,10.0,0.1,0.001,0.1,1.0,0.001,1.0,10.0,10.0,0.001,0.001,10.0,0.001,0.001,0.001,10.0,0.001
2012-07-04,0.001,0.001,0.001,10.0,1.0,0.1,0.001,0.001,0.001,0.01,0.001,0.001,0.001,0.001,10.0,0.001,0.001,0.001,10.0,0.001
2012-07-11,0.001,0.01,0.001,10.0,0.001,0.01,0.001,0.001,0.001,10.0,0.001,0.001,0.001,0.01,10.0,0.001,0.001,0.001,10.0,0.001
2012-07-18,0.001,0.1,0.001,10.0,0.001,0.01,0.001,0.001,0.001,0.01,0.001,0.001,0.001,0.001,1.0,0.001,0.001,0.001,10.0,0.001
2012-07-25,0.001,10.0,0.001,0.01,0.001,0.001,0.001,10.0,0.001,0.01,0.001,0.001,0.001,0.001,1.0,0.001,0.001,0.001,10.0,0.001
2012-08-01,0.001,0.001,0.001,0.1,0.001,0.1,0.001,0.001,0.001,0.1,0.01,0.001,0.001,0.01,10.0,0.01,0.001,0.001,0.1,0.001
2012-08-08,0.001,0.001,0.001,0.001,0.001,0.1,0.1,0.001,0.001,0.01,0.1,0.001,0.001,0.001,10.0,0.01,0.001,0.001,0.001,0.001
2012-08-15,0.001,0.1,0.001,0.001,0.001,10.0,0.1,0.001,0.001,10.0,10.0,0.001,10.0,0.001,0.1,10.0,0.001,0.001,0.001,0.001
2012-08-22,0.001,1.0,0.001,0.001,0.001,0.001,10.0,0.001,0.001,10.0,0.001,0.001,10.0,0.001,0.001,10.0,0.001,0.001,0.001,0.001
2012-08-29,0.001,10.0,0.001,0.01,10.0,0.001,10.0,0.001,0.001,10.0,0.001,0.001,10.0,0.01,0.01,0.001,0.001,0.001,0.001,0.001
2012-09-05,0.001,0.01,0.001,10.0,10.0,0.001,1.0,0.001,0.001,10.0,0.001,10.0,10.0,0.01,0.01,0.001,0.001,0.001,0.001,0.001
2012-09-12,0.001,1.0,0.001,1.0,10.0,0.001,1.0,0.001,0.001,1.0,10.0,0.001,10.0,0.01,0.1,0.001,0.001,0.001,1.0,0.001
2012-09-19,0.1,0.1,0.001,0.1,10.0,0.001,10.0,10.0,0.001,1.0,10.0,0.001,0.001,0.01,1.0,10.0,0.001,0.001,0.01,0.001
2012-09-26,10.0,0.001,0.001,0.01,10.0,0.001,0.1,10.0,0.001,0.01,10.0,0.001,0.001,10.0,1.0,0.001,0.001,0.001,0.001,0.001
2012-10-03,0.001,0.001,0.001,10.0,10.0,0.1,10.0,0.01,0.001,0.001,10.0,0.001,0.001,10.0,0.001,0.1,0.001,0.001,0.001,0.001
2012-10-10,0.001,10.0,0.001,10.0,1.0,0.1,10.0,0.001,0.001,0.001,10.0,0.001,0.001,0.01,0.001,0.001,0.001,0.001,0.1,0.001
2012-10-17,0.001,10.0,0.001,10.0,0.1,1.0,0.01,0.01,0.001,0.001,0.001,10.0,0.001,0.001,0.01,1.0,0.001,0.001,0.1,0.001
2012-10-24,0.001,0.001,0.001,0.001,0.1,10.0,10.0,0.01,0.001,0.001,0.001,1.0,0.001,0.001,0.001,10.0,0.001,0.001,0.01,0.001
2012-10-31,10.0,10.0,0.001,0.001,10.0,0.1,0.1,0.01,0.001,0.01,0.001,0.001,0.001,0.001,1.0,0.001,0.001,0.001,0.001,0.001
2012-11-07,1.0,1.0,0.001,0.001,10.0,0.1,10.0,0.001,10.0,1.0,0.001,0.001,0.001,0.001,1.0,0.001,0.001,0.1,1.0,0.001
2012-11-14,0.001,10.0,0.001,0.001,10.0,0.1,10.0,0.001,0.001,0.001,0.001,0.001,0.001,0.001,1.0,0.001,0.001,1.0,10.0,0.001
2012-11-21,0.001,10.0,0.001,0.001,10.0,10.0,0.01,10.0,0.001,0.001,0.001,0.001,0.001,0.001,1.0,10.0,0.001,10.0,1.0,0.001
2012-11-28,0.001,10.0,0.001,0.001,10.0,0.001,0.01,10.0,0.001,10.0,0.001,1.0,0.001,0.001,10.0,10.0,0.001,10.0,10.0,0.001
2012-12-05,0.001,0.01,0.001,0.001,10.0,0.001,0.001,0.001,0.01,0.001,0.001,10.0,0.001,0.001,0.01,0.1,0.01,0.1,10.0,0.001
2012-12-12,0.001,0.01,0.001,0.001,0.001,0.001,10.0,0.001,0.01,10.0,0.001,10.0,0.001,0.001,0.001,0.001,0.001,10.0,1.0,0.001
2012-12-19,0.001,0.01,0.001,0.001,10.0,10.0,0.001,10.0,0.01,1.0,0.001,0.001,0.001,0.001,0.001,0.1,0.001,10.0,0.001,0.001
2012-12-26,0.001,0.1,0.001,0.001,1.0,10.0,0.001,10.0,0.001,0.001,10.0,0.001,0.001,0.001,0.001,0.1,0.001,0.001,0.001,0.001
2013-01-02,0.001,0.001,0.001,0.001,0.01,0.1,0.001,10.0,0.001,1.0,1.0,0.001,0.001,0.001,0.001,0.1,0.01,1.0,0.001,0.001
2013-01-09,0.01,0.001,0.001,10.0,0.01,0.001,0.001,0.001,0.001,0.1,0.1,0.001,0.001,0.001,0.001,1.0,0.001,0.01,0.001,0.001
2013-01-16,0.1,0.1,0.001,0.001,0.01,0.1,0.001,10.0,0.001,0.1,1.0,0.01,0.001,0.001,0.01,0.001,0.1,0.01,10.0,0.001
2013-01-23,0.1,0.001,0.001,1.0,0.01,1.0,0.001,10.0,0.001,0.001,0.1,0.001,0.001,0.001,10.0,0.001,0.01,0.01,10.0,0.001
2013-01-30,1.0,1.0,0.001,0.01,0.001,1.0,0.001,10.0,0.1,0.001,0.1,0.01,0.001,0.1,10.0,0.001,0.001,0.01,10.0,0.001
2013-02-06,0.01,10.0,0.001,10.0,0.001,0.001,10.0,10.0,0.001,0.001,0.001,10.0,0.001,0.001,0.01,0.1,1.0,0.001,0.1,0.001
2013-02-13,10.0,10.0,0.001,0.001,0.1,10.0,10.0,1.0,0.001,0.001,0.001,10.0,0.001,0.001,0.001,0.001,0.001,0.001,0.001,0.001
2013-02-20,1.0,10.0,0.001,0.001,10.0,10.0,0.001,1.0,0.001,0.001,0.001,0.1,10.0,0.001,0.001,10.0,0.001,0.001,0.001,0.001
2013-02-27,10.0,1.0,0.001,0.001,0.001,10.0,0.001,1.0,10.0,0.001,0.001,1.0,10.0,0.001,10.0,10.0,0.001,0.001,0.001,0.001
2013-03-06,1.0,0.01,0.001,0.001,1.0,0.01,0.001,10.0,10.0,10.0,10.0,10.0,0.001,10.0,10.0,0.001,0.001,0.001,10.0,0.001
2013-03-13,10.0,0.01,0.001,0.001,10.0,0.001,0.001,0.1,10.0,0.001,1.0,10.0,0.001,10.0,10.0,10.0,0.001,0.001,1.0,0.001
2013-03-20,10.0,1.0,0.001,0.001,10.0,0.001,1.0,0.1,10.0,0.001,1.0,0.001,0.001,0.001,10.0,10.0,0.001,0.001,0.01,0.001
2013-03-27,10.0,0.01,0.001,0.001,0.001,10.0,0.001,0.001,0.001,1.0,1.0,1.0,0.001,1.0,10.0,10.0,0.001,0.001,0.001,0.001
2013-04-03,0.001,0.01,0.001,10.0,10.0,10.0,0.001,10.0,10.0,0.001,1.0,0.01,0.001,0.001,10.0,10.0,0.001,0.001,0.001,0.001
2013-04-10,0.001,0.1,0.001,0.001,10.0,1.0,1.0,0.01,0.001,10.0,1.0,10.0,0.01,0.001,0.001,0.001,0.001,10.0,0.001,0.001
2013-04-17,0.001,1.0,0.001,0.001,10.0,0.001,1.0,0.001,0.001,10.0,10.0,1.0,10.0,0.001,10.0,0.001,0.001,10.0,0.001,0.001
2013-04-24,0.01,0.001,0.001,0.001,10.0,0.001,1.0,1.0,0.001,10.0,10.0,10.0,10.0,0.001,10.0,10.0,0.001,0.01,0.001,0.001
2013-05-01,0.01,0.001,0.001,0.001,0.1,10.0,0.01,1.0,0.001,0.001,0.01,10.0,1.0,0.001,1.0,0.01,0.001,0.1,0.001,0.001
2013-05-08,0.1,0.001,0.001,0.001,10.0,0.001,10.0,1.0,0.001,0.1,1.0,10.0,1.0,10.0,0.01,0.001,0.001,0.001,0.001,0.001
2013-05-15,0.1,10.0,0.001,0.001,10.0,0.001,10.0,1.0,0.001,0.01,0.001,0.001,10.0,0.001,0.1,0.001,0.001,0.001,0.001,0.001
2013-05-22,0.01,10.0,0.001,0.001,10.0,0.001,0.01,10.0,0.001,0.01,0.001,0.001,1.0,0.001,0.01,10.0,0.001,0.001,0.001,0.001
2013-05-29,0.01,0.001,0.001,0.001,0.001,0.001,0.001,1.0,0.001,1.0,0.001,1.0,1.0,0.001,1.0,0.001,0.001,0.001,10.0,0.001
2013-06-05,0.001,0.001,0.001,0.01,10.0,0.001,1.0,10.0,0.001,0.01,0.001,1.0,0.1,0.001,1.0,0.001,0.001,0.001,0.001,0.001
2013-06-12,0.001,10.0,0.001,0.001,10.0,10.0,10.0,10.0,0.001,10.0,0.001,0.001,0.01,0.001,0.1,0.1,0.001,0.001,0.001,0.001
2013-06-19,0.001,0.001,0.001,0.001,0.001,10.0,0.001,10.0,0.001,1.0,0.001,10.0,0.001,0.001,0.001,0.001,0.001,0.001,10.0,0.001
2013-06-26,0.001,0.01,0.001,0.01,0.001,10.0,10.0,0.01,0.001,10.0,10.0,10.0,0.001,0.001,0.001,0.001,0.001,10.0,10.0,0.001
2013-07-03,10.0,0.001,0.001,10.0,0.001,0.01,10.0,0.001,0.001,0.001,10.0,0.1,0.001,0.001,0.001,0.001,0.001,10.0,1.0,0.001
2013-07-10,0.001,10.0,0.001,0.1,0.001,10.0,10.0,0.01,0.001,0.001,0.001,1.0,0.001,0.001,0.001,1.0,10.0,0.001,10.0,0.001
2013-07-17,0.001,10.0,0.001,0.001,0.001,10.0,10.0,0.1,0.001,10.0,0.001,0.001,0.001,0.001,10.0,0.001,0.001,0.001,10.0,0.001
2013-07-24,0.001,0.001,0.001,0.001,0.001,0.001,0.001,1.0,0.001,10.0,0.001,0.001,0.001,0.001,0.001,10.0,0.001,0.001,1.0,0.001
2013-07-31,0.001,10.0,0.001,0.001,0.001,0.001,0.001,1.0,10.0,0.001,1.0,0.001,0.001,0.01,0.001,10.0,0.001,0.001,1.0,0.001
2013-08-07,0.001,10.0,0.001,0.001,0.001,0.001,0.001,1.0,0.001,10.0,0.01,1.0,1.0,0.1,10.0,10.0,10.0,0.001,1.0,0.001
2013-08-14,0.001,0.01,0.001,1.0,0.001,0.001,0.001,10.0,0.001,10.0,0.01,0.01,0.01,0.01,0.001,10.0,0.001,0.001,0.001,0.001
2013-08-21,0.01,0.001,0.001,0.01,0.001,0.001,0.001,10.0,0.1,0.01,0.01,0.01,1.0,0.01,0.001,10.0,0.001,0.001,0.001,0.001
2013-08-28,0.01,10.0,0.001,0.01,0.01,0.001,10.0,1.0,0.001,0.1,0.001,10.0,1.0,0.01,0.01,10.0,0.001,0.001,0.001,0.001
2013-09-04,0.1,0.01,0.001,0.001,1.0,0.1,0.001,0.01,0.001,0.1,0.001,1.0,10.0,0.1,0.001,10.0,0.001,0.1,0.001,0.001
2013-09-11,0.001,10.0,0.001,0.001,0.1,0.01,0.01,0.01,0.001,0.001,0.001,0.001,10.0,0.1,0.001,10.0,0.001,10.0,0.001,0.001
2013-09-18,0.001,0.01,0.001,0.001,10.0,1.0,0.001,0.01,0.001,0.001,0.001,0.001,1.0,10.0,0.001,0.01,0.001,0.001,10.0,0.001
2013-09-25,0.001,0.01,0.001,0.001,0.001,0.1,10.0,0.1,0.001,0.001,0.01,1.0,0.001,0.01,0.001,1.0,0.001,1.0,10.0,0.001
2013-10-02,0.001,10.0,0.001,0.001,0.001,10.0,10.0,0.1,1.0,10.0,10.0,1.0,10.0,0.001,0.001,0.01,0.001,0.001,0.001,0.001
2013-10-09,10.0,0.001,0.001,10.0,0.001,10.0,10.0,0.1,0.001,0.001,0.001,0.01,10.0,0.01,0.001,0.01,0.001,0.001,1.0,0.001
2013-10-16,1.0,0.001,0.001,10.0,0.001,0.1,10.0,0.01,0.001,0.001,0.001,0.001,0.001,0.001,1.0,0.001,0.001,0.001,0.001,0.001
2013-10-23,10.0,0.001,0.001,10.0,0.001,0.001,10.0,0.001,0.001,0.001,0.001,10.0,0.001,0.001,10.0,0.001,0.001,0.001,1.0,0.001
2013-10-30,0.001,0.01,0.001,10.0,0.001,0.1,10.0,1.0,0.01,0.001,0.001,0.001,0.01,0.001,10.0,0.001,0.001,0.001,0.01,0.001
2013-11-06,0.001,0.1,0.001,10.0,0.001,0.1,10.0,0.001,0.01,0.001,0.01,0.01,0.1,0.01,10.0,0.001,0.001,1.0,0.001,0.001
2013-11-13,0.001,0.1,0.001,10.0,0.001,0.1,0.1,0.001,0.01,0.001,10.0,0.1,0.01,0.01,10.0,0.001,0.001,10.0,0.001,0.001
2013-11-20,0.001,0.1,0.001,10.0,0.001,0.001,1.0,0.001,1.0,0.001,10.0,0.001,0.01,0.01,10.0,0.001,0.001,10.0,0.1,0.001
2013-11-27,0.001,10.0,0.001,10.0,0.001,10.0,0.001,10.0,0.001,0.001,0.1,10.0,0.01,1.0,1.0,0.001,0.001,0.001,1.0,0.001
2013-12-04,0.001,1.0,0.001,10.0,0.001,10.0,10.0,10.0,0.001,0.01,1.0,10.0,0.001,10.0,0.001,0.001,0.001,0.001,1.0,0.001
2013-12-11,0.001,0.01,0.001,1.0,0.001,0.001,0.001,0.001,10.0,0.01,0.001,0.001,0.01,10.0,10.0,0.01,0.001,0.001,1.0,0.001
2013-12-18,10.0,1.0,0.001,10.0,10.0,0.001,0.1,0.001,0.001,10.0,0.001,0.001,0.001,0.001,0.01,0.1,0.001,10.0,1.0,0.001
2013-12-25,0.001,0.01,0.001,0.001,0.1,10.0,0.001,0.001,0.001,10.0,10.0,10.0,0.001,0.01,0.01,1.0,0.001,1.0,10.0,0.001
2014-01-01,0.001,1.0,0.001,0.001,10.0,10.0,1.0,0.001,0.001,0.01,0.01,0.001,0.001,0.01,0.001,0.001,0.001,10.0,10.0,0.001
2014-01-08,0.001,0.001,0.001,0.001,0.1,10.0,10.0,0.01,0.001,10.0,0.001,0.001,10.0,0.01,0.001,0.001,0.001,1.0,1.0,0.001
2014-01-15,0.001,0.001,0.1,0.001,10.0,10.0,0.001,0.1,0.001,10.0,0.001,0.001,0.001,10.0,10.0,0.001,0.001,0.001,1.0,0.001
2014-01-22,0.001,0.001,0.1,0.001,0.001,0.001,0.001,0.1,0.001,0.001,0.01,0.001,0.001,0.001,10.0,10.0,0.001,0.001,1.0,0.001
2014-01-29,0.001,0.001,0.1,1.0,0.001,10.0,0.001,0.1,0.001,10.0,0.001,0.001,0.001,0.001,0.001,0.001,0.001,0.001,0.001,0.001
2014-02-05,0.001,10.0,10.0,0.001,10.0,10.0,0.001,0.001,0.001,1.0,0.001,10.0,0.001,0.001,0.001,10.0,0.001,0.001,10.0,0.001
2014-02-12,0.001,10.0,10.0,0.001,10.0,10.0,0.001,10.0,0.001,0.01,0.001,10.0,0.001,0.001,0.001,10.0,0.001,0.001,10.0,0.001
2014-02-19,0.001,10.0,10.0,0.1,10.0,0.1,0.001,10.0,1.0,0.01,0.001,0.001,0.001,0.001,0.001,10.0,0.001,0.001,0.001,0.001
2014-02-26,0.001,10.0,10.0,1.0,10.0,1.0,10.0,0.01,0.001,0.01,0.001,0.01,0.001,0.1,0.001,1.0,0.001,0.001,0.001,0.001
2014-03-05,0.001,10.0,1.0,0.001,10.0,0.001,10.0,0.001,0.001,0.01,0.001,10.0,0.001,0.001,0.001,0.001,0.001,0.001,0.001,0.001
2014-03-12,0.001,10.0,10.0,0.001,0.001,0.001,0.01,10.0,10.0,1.0,0.001,0.001,0.001,0.001,0.001,10.0,1.0,0.001,0.001,0.001
2014-03-19,0.001,10.0,10.0,0.1,0.001,0.01,10.0,1.0,0.001,1.0,0.001,0.001,10.0,0.001,10.0,1.0,1.0,0.001,10.0,0.001
2014-03-26,0.001,10.0,10.0,0.001,1.0,0.1,0.01,0.001,0.001,1.0,0.001,10.0,10.0,0.001,0.001,0.001,10.0,0.001,10.0,0.001
2014-04-02,10.0,0.01,10.0,1.0,0.1,1.0,0.01,0.001,0.001,0.001,0.001,10.0,0.001,0.001,1.0,0.001,0.01,0.001,10.0,0.001
2014-04-09,0.01,0.001,0.001,0.001,10.0,0.01,10.0,0.01,0.001,0.001,0.001,10.0,0.001,0.001,10.0,10.0,0.001,0.001,10.0,0.001
2014-04-16,10.0,0.001,10.0,0.001,0.001,0.1,0.01,0.1,10.0,10.0,0.001,0.001,0.001,0.001,10.0,10.0,0.01,0.001,0.1,0.001
2014-04-23,0.001,0.001,0.001,0.001,10.0,10.0,0.001,1.0,0.001,10.0,0.001,10.0,0.001,0.001,1.0,0.001,0.001,0.001,0.01,0.001
2014-04-30,0.01,0.001,10.0,0.001,1.0,10.0,0.001,10.0,0.1,0.001,0.001,0.001,0.001,0.001,10.0,10.0,0.001,0.001,0.01,0.001
2014-05-07,0.001,0.001,1.0,0.001,1.0,10.0,0.001,10.0,0.001,0.001,1.0,0.001,0.001,0.001,10.0,10.0,0.001,10.0,0.01,0.001
2014-05-14,10.0,0.001,0.001,0.001,0.1,10.0,0.001,0.001,0.001,0.001,1.0,0.01,0.001,0.001,1.0,10.0,10.0,10.0,0.01,0.001
2014-05-21,0.1,0.001,0.001,0.001,0.1,0.001,0.001,10.0,0.001,0.001,0.001,0.01,0.001,1.0,0.001,1.0,0.01,0.001,0.01,0.001
2014-05-28,0.01,0.01,0.001,1.0,0.001,0.001,0.001,0.1,0.001,0.01,0.001,10.0,0.01,0.001,0.1,10.0,0.1,0.001,0.1,0.001
2014-06-04,0.01,10.0,0.01,0.001,0.1,0.001,0.01,0.001,0.001,0.01,0.001,1.0,0.001,0.001,0.1,0.001,0.001,0.001,0.001,0.001
2014-06-11,0.01,0.01,0.1,0.001,10.0,0.01,10.0,0.001,0.001,0.01,0.001,10.0,0.01,0.001,0.01,0.001,0.1,0.001,0.1,0.001
2014-06-18,0.001,0.001,0.001,0.001,0.001,0.1,10.0,1.0,0.001,0.1,10.0,10.0,0.1,0.001,0.01,0.01,0.001,0.001,10.0,0.001
2014-06-25,0.001,0.001,1.0,0.1,0.001,0.001,1.0,0.01,10.0,10.0,10.0,10.0,0.001,0.001,0.01,0.01,0.001,0.001,10.0,0.001
2014-07-02,0.1,0.001,10.0,0.01,0.001,0.01,10.0,0.01,10.0,0.01,10.0,10.0,0.001,0.01,0.01,0.1,0.01,0.001,0.001,0.001
2014-07-09,0.001,0.01,0.001,0.001,10.0,1.0,1.0,0.01,1.0,10.0,10.0,1.0,0.001,0.001,1.0,0.1,1.0,0.001,1.0,0.001
2014-07-16,0.001,1.0,10.0,0.001,10.0,0.001,0.001,0.01,0.001,1.0,10.0,0.01,10.0,1.0,0.01,10.0,10.0,0.001,10.0,0.001
2014-07-23,0.001,10.0,1.0,1.0,1.0,0.001,10.0,0.001,0.001,10.0,10.0,0.01,10.0,10.0,0.01,10.0,0.001,10.0,0.001,0.001
2014-07-30,0.001,1.0,0.001,10.0,10.0,0.001,1.0,0.001,0.001,10.0,1.0,0.01,0.001,0.1,10.0,10.0,0.001,10.0,0.001,0.001
2014-08-06,0.001,0.001,1.0,10.0,10.0,10.0,10.0,10.0,0.001,10.0,1.0,0.001,0.01,0.001,0.001,10.0,1.0,10.0,0.001,0.001
2014-08-13,0.001,0.1,10.0,0.001,10.0,10.0,10.0,10.0,0.001,10.0,0.01,10.0,0.001,1.0,0.001,0.001,0.001,1.0,0.001,0.001
2014-08-20,0.001,0.1,10.0,0.001,0.01,10.0,0.001,10.0,0.001,0.001,0.001,10.0,0.01,0.001,0.001,0.001,0.001,0.01,0.01,0.001
2014-08-27,0.001,0.001,0.1,0.001,10.0,0.001,10.0,0.001,0.001,0.001,0.1,0.001,0.001,10.0,0.001,10.0,0.001,1.0,0.001,0.001
2014-09-03,0.001,0.001,10.0,0.001,0.001,0.001,0.001,0.001,0.001,10.0,0.01,10.0,0.01,10.0,0.001,0.001,1.0,0.01,0.01,0.001
2014-09-10,0.01,0.01,0.01,0.001,0.001,10.0,0.001,0.001,0.001,10.0,10.0,1.0,1.0,0.001,10.0,10.0,10.0,10.0,0.001,0.001
2014-09-17,0.001,0.1,1.0,0.001,0.001,10.0,0.001,0.001,0.001,10.0,10.0,1.0,0.001,0.001,10.0,0.001,10.0,10.0,0.001,0.001
2014-09-24,0.001,0.001,10.0,0.001,1.0,0.001,10.0,10.0,0.001,10.0,1.0,10.0,0.001,10.0,0.001,0.001,10.0,10.0,0.001,0.001
2014-10-01,0.1,0.001,10.0,0.001,1.0,10.0,1.0,0.01,0.001,10.0,0.001,10.0,0.001,10.0,0.001,0.001,0.001,10.0,0.1,0.001
2014-10-08,0.001,0.001,0.001,10.0,0.001,10.0,0.001,10.0,0.001,0.001,10.0,0.001,0.001,0.01,0.001,0.1,0.001,10.0,0.001,0.001
2014-10-15,0.001,1.0,0.001,1.0,0.01,0.001,0.001,10.0,0.001,10.0,10.0,0.001,0.001,1.0,0.001,0.001,0.001,0.001,0.001,0.001
2014-10-22,0.001,10.0,1.0,10.0,0.001,0.001,0.001,0.01,0.001,0.001,10.0,0.001,0.001,10.0,0.001,0.001,0.001,10.0,0.001,0.001
2014-10-29,1.0,0.001,0.001,0.001,0.001,10.0,0.001,10.0,10.0,0.001,0.1,0.001,0.001,10.0,0.001,1.0,0.001,0.001,0.001,0.001
2014-11-05,10.0,0.001,1.0,0.001,0.001,10.0,0.001,10.0,0.001,10.0,0.001,0.001,0.001,0.001,0.001,0.001,0.001,0.001,0.001,0.001
2014-11-12,10.0,0.001,1.0,0.001,0.001,0.001,0.001,0.1,10.0,10.0,0.001,0.001,0.001,0.01,1.0,0.001,0.001,0.001,0.001,0.001
2014-11-19,0.001,0.001,1.0,0.001,0.001,0.001,0.001,10.0,1.0,1.0,0.01,0.001,10.0,10.0,0.001,0.001,0.001,0.001,0.001,0.001
2014-11-26,1.0,10.0,0.001,0.001,0.001,0.001,0.001,1.0,10.0,10.0,0.01,0.001,0.001,10.0,0.001,0.001,0.001,0.001,0.001,0.001
2014-12-03,10.0,10.0,1.0,0.001,0.1,0.001,0.001,0.01,0.001,10.0,0.01,0.001,0.001,10.0,0.001,0.001,0.001,0.001,0.001,0.001
2014-12-10,0.001,0.001,0.001,0.001,0.001,0.001,0.001,0.01,1.0,10.0,0.1,0.01,0.001,0.001,0.001,0.001,1.0,0.001,10.0,0.001
2014-12-17,0.001,0.001,0.001,0.001,0.01,0.001,0.001,10.0,0.001,10.0,0.001,0.1,0.001,1.0,0.001,0.001,0.001,0.001,0.01,0.001
2014-12-24,0.001,0.1,0.001,0.001,0.1,0.001,0.001,0.001,0.001,10.0,1.0,0.1,0.01,1.0,0.001,0.001,0.001,0.001,0.01,0.001
2014-12-31,10.0,0.01,0.001,0.001,10.0,0.001,0.001,0.001,0.001,1.0,10.0,0.01,0.1,0.1,0.001,0.001,0.001,0.001,0.1,0.001
2015-01-07,10.0,0.001,10.0,0.001,10.0,0.001,0.001,0.001,0.001,0.01,0.001,1.0,1.0,0.1,0.001,0.001,0.001,0.001,0.1,0.001
2015-01-14,0.001,0.001,1.0,0.001,0.001,1.0,0.001,10.0,0.001,10.0,0.001,0.001,0.001,10.0,0.1,0.001,0.001,0.001,10.0,0.001
2015-01-21,10.0,0.001,1.0,0.001,0.001,0.001,0.001,10.0,0.001,1.0,0.001,0.001,0.001,10.0,0.01,0.001,0.001,0.001,10.0,0.001
2015-01-28,1.0,0.001,10.0,0.001,0.001,0.001,0.001,0.001,0.001,0.001,0.001,0.001,10.0,10.0,0.001,0.001,0.001,0.001,10.0,0.001
2015-02-04,10.0,0.001,10.0,0.001,10.0,10.0,0.001,10.0,0.001,0.001,0.001,0.001,10.0,0.001,0.001,0.001,0.001,0.001,0.001,0.001
2015-02-11,0.001,0.01,0.01,0.001,0.01,0.001,0.01,1.0,0.01,0.01,0.001,0.001,10.0,0.001,0.001,0.001,10.0,0.001,10.0,0.001
2015-02-18,0.001,0.001,1.0,0.001,0.01,0.001,0.01,1.0,0.001,0.01,10.0,0.001,10.0,0.001,0.001,0.1,0.01,0.001,0.01,0.001
2015-02-25,0.001,0.01,10.0,0.001,0.01,0.001,0.1,0.01,0.001,1.0,10.0,0.001,10.0,0.001,0.001,0.1,10.0,0.001,0.001,0.001
2015-03-04,0.001,0.001,10.0,0.001,0.001,0.1,0.001,1.0,0.001,0.01,1.0,0.001,10.0,0.001,0.01,0.01,10.0,0.001,0.001,0.001
2015-03-11,0.001,0.01,0.01,0.01,0.001,0.001,0.01,10.0,0.001,0.01,10.0,0.001,0.001,1.0,0.001,10.0,0.1,0.001,10.0,0.001
2015-03-18,0.001,0.001,1.0,0.001,0.1,10.0,0.1,10.0,1.0,0.01,0.001,0.1,0.001,10.0,0.001,0.01,10.0,0.001,10.0,0.001
2015-03-25,0.001,0.001,10.0,0.01,0.1,10.0,0.01,0.01,1.0,10.0,0.001,0.1,0.001,10.0,0.001,0.01,10.0,0.001,1.0,0.001
2015-04-01,0.001,0.001,0.01,0.01,10.0,10.0,0.01,10.0,0.01,10.0,0.001,0.001,0.001,1.0,0.001,0.01,10.0,0.001,0.01,0.001
2015-04-08,0.001,10.0,10.0,1.0,0.001,0.001,0.001,0.01,0.001,1.0,0.001,0.001,0.01,0.01,0.1,0.01,10.0,0.001,0.01,0.001
2015-04-15,1.0,1.0,0.01,10.0,0.001,10.0,0.001,0.01,0.001,0.1,0.001,0.001,10.0,10.0,0.001,0.001,0.001,0.001,0.01,0.001
2015-04-22,1.0,10.0,0.01,1.0,0.001,0.001,0.001,10.0,0.001,0.1,0.001,1.0,10.0,10.0,0.001,0.001,0.001,0.001,0.01,0.001
2015-04-29,1.0,10.0,0.1,10.0,0.001,0.001,0.001,1.0,10.0,0.1,0.001,1.0,0.01,10.0,0.001,10.0,0.001,10.0,0.1,0.001
2015-05-06,10.0,1.0,10.0,0.001,0.01,10.0,0.001,1.0,0.01,0.1,0.001,1.0,10.0,1.0,10.0,1.0,0.001,10.0,0.1,0.001
2015-05-13,10.0,0.001,10.0,10.0,10.0,0.001,0.001,10.0,0.001,1.0,0.001,0.01,10.0,10.0,1.0,0.1,0.001,10.0,0.01,0.001
2015-05-20,0.001,0.001,10.0,1.0,0.1,0.001,0.001,0.001,10.0,10.0,0.001,0.1,10.0,0.001,0.001,0.001,0.001,10.0,0.01,0.001
2015-05-27,10.0,0.001,1.0,0.001,1.0,10.0,10.0,0.001,10.0,1.0,0.001,10.0,0.1,0.01,10.0,0.001,0.001,0.01,0.1,0.001
2015-06-03,10.0,0.001,10.0,0.001,0.001,10.0,0.001,10.0,10.0,10.0,0.001,0.01,10.0,10.0,0.1,10.0,0.001,0.1,0.1,0.001
2015-06-10,10.0,0.001,10.0,0.1,0.001,0.001,10.0,0.001,10.0,10.0,0.01,1.0,0.001,0.1,0.01,0.001,0.001,0.001,10.0,0.001
2015-06-17,0.001,0.001,10.0,0.01,0.001,1.0,10.0,10.0,10.0,0.001,0.001,1.0,0.001,0.1,1.0,0.001,1.0,1.0,10.0,0.001
2015-06-24,0.001,0.001,1.0,0.01,0.001,1.0,10.0,0.1,10.0,10.0,10.0,1.0,10.0,0.1,1.0,0.001,0.001,1.0,0.001,0.001
2015-07-01,0.001,0.001,0.01,0.1,0.001,1.0,0.1,0.001,10.0,10.0,1.0,10.0,1.0,0.01,10.0,0.001,0.001,0.001,10.0,0.001
2015-07-08,0.001,0.001,0.01,0.001,0.001,1.0,0.01,0.001,10.0,10.0,10.0,10.0,10.0,0.01,10.0,0.001,0.001,0.001,10.0,0.001
2015-07-15,0.001,0.001,10.0,1.0,0.001,0.01,0.001,0.001,10.0,10.0,10.0,10.0,0.001,0.01,0.001,0.001,0.001,0.001,10.0,0.001
2015-07-22,0.001,0.001,0.001,10.0,0.001,0.01,0.001,0.001,10.0,1.0,10.0,10.0,0.001,10.0,0.001,0.001,10.0,0.001,10.0,0.001
2015-07-29,0.001,0.001,0.01,10.0,10.0,0.001,0.001,1.0,0.001,0.001,0.001,0.001,0.01,0.001,0.001,0.001,0.001,0.001,10.0,0.001
2015-08-05,0.001,10.0,0.01,0.001,0.001,0.001,0.001,0.001,0.001,0.001,0.001,0.1,0.1,0.001,0.001,0.001,0.001,0.001,0.001,0.001
2015-08-12,0.001,10.0,1.0,0.001,0.001,0.001,0.001,0.001,0.001,0.001,0.001,0.1,0.1,0.001,0.001,0.001,10.0,0.001,0.001,0.001
2015-08-19,0.001,1.0,1.0,0.001,0.001,0.01,0.001,0.001,0.001,0.01,0.001,10.0,1.0,0.001,0.001,0.001,1.0,0.001,10.0,0.001
2015-08-26,0.001,10.0,0.001,0.001,0.001,0.001,0.001,0.001,0.001,1.0,0.001,0.001,10.0,10.0,0.001,0.001,0.001,0.001,0.001,0.001
2015-09-02,0.001,0.001,0.001,0.001,0.001,0.001,0.001,0.001,0.001,0.1,0.001,0.001,0.001,10.0,0.001,0.001,0.001,0.001,0.001,0.001
2015-09-09,0.001,0.01,0.001,0.001,1.0,10.0,0.001,0.001,0.001,10.0,0.001,0.001,10.0,10.0,10.0,0.001,0.001,0.001,10.0,0.001
2015-09-16,0.001,10.0,0.001,0.001,10.0,1.0,0.001,0.001,0.001,10.0,0.001,0.001,10.0,10.0,0.001,0.001,0.001,0.001,10.0,0.001
2015-09-23,0.001,0.001,0.001,0.001,0.001,0.001,0.001,0.001,0.001,0.001,0.001,0.001,0.001,0.01,0.001,0.001,0.001,10.0,10.0,0.001
2015-09-30,0.001,0.001,0.001,0.001,0.001,0.001,0.001,0.001,0.001,0.001,0.001,0.001,0.001,0.01,0.001,0.001,0.001,10.0,0.001,0.001
2015-10-07,0.001,0.001,0.001,10.0,0.001,10.0,0.001,0.001,0.001,10.0,0.001,0.001,0.001,10.0,0.001,0.001,0.1,1.0,0.001,0.001
2015-10-14,0.001,0.001,0.001,0.001,0.001,1.0,0.001,0.001,0.001,1.0,0.001,0.001,0.001,10.0,0.001,0.001,0.001,10.0,10.0,0.001
2015-10-21,1.0,0.001,0.001,1.0,0.001,0.001,0.001,0.01,0.001,1.0,0.001,0.001,0.001,10.0,0.01,0.001,0.001,0.001,0.01,0.001
2015-10-28,1.0,0.001,0.001,0.001,0.01,0.001,0.01,0.01,0.001,1.0,0.001,0.001,0.001,1.0,0.001,10.0,0.001,10.0,0.01,0.001
2015-11-04,0.001,0.01,0.001,0.1,1.0,0.1,0.001,0.01,0.001,1.0,0.001,0.001,0.001,1.0,0.001,0.001,0.001,0.1,0.01,0.001
2015-11-11,0.001,0.01,0.01,10.0,0.01,0.001,0.001,0.01,0.001,0.001,0.01,0.001,0.001,0.001,0.001,0.001,0.001,0.1,1.0,0.001
2015-11-18,0.001,1.0,10.0,10.0,0.01,0.001,0.01,0.001,0.001,0.01,0.01,0.001,0.001,0.1,0.001,0.1,0.01,0.001,1.0,0.001
2015-11-25,0.001,0.1,0.1,0.01,0.01,0.001,0.01,0.001,0.001,0.01,10.0,1.0,0.01,0.001,0.001,0.01,0.001,0.001,0.01,0.001
2015-12-02,0.001,0.1,1.0,0.01,1.0,0.01,0.001,0.001,0.001,0.01,10.0,0.001,0.01,0.01,0.001,0.001,0.001,0.001,10.0,0.001
2015-12-09,0.001,0.001,0.1,0.01,0.001,0.1,0.1,0.001,0.001,0.1,10.0,1.0,0.01,0.1,0.1,0.001,0.001,10.0,10.0,0.001
2015-12-16,0.001,0.001,0.001,0.001,0.001,0.1,10.0,0.001,0.001,0.001,10.0,0.001,0.01,0.01,0.01,0.001,0.001,0.01,10.0,0.001
2015-12-23,0.001,10.0,10.0,0.001,0.001,1.0,0.001,0.001,0.001,10.0,10.0,0.001,0.01,0.1,10.0,0.001,0.001,0.001,1.0,0.001
2015-12-30,0.001,0.001,0.001,0.001,0.001,10.0,10.0,0.001,0.001,10.0,10.0,0.001,10.0,0.001,1.0,0.001,1.0,10.0,10.0,0.001
2016-01-06,0.001,0.001,0.001,0.001,0.001,10.0,10.0,0.001,0.001,10.0,0.01,0.001,0.001,0.001,10.0,0.001,0.001,10.0,1.0,0.001
2016-01-13,0.001,10.0,0.001,0.001,0.001,10.0,10.0,0.001,0.001,10.0,0.001,0.001,10.0,0.001,0.001,10.0,10.0,10.0,0.01,0.001
2016-01-20,0.001,10.0,10.0,0.001,0.001,10.0,10.0,0.001,1.0,0.001,0.001,0.001,10.0,0.01,0.001,0.001,10.0,10.0,0.01,0.001
2016-01-27,0.001,10.0,10.0,0.001,0.001,0.001,0.001,0.001,0.001,10.0,0.001,10.0,0.001,0.001,0.001,0.001,1.0,10.0,1.0,0.001
2016-02-03,0.001,10.0,10.0,0.001,0.001,0.001,0.01,0.001,10.0,10.0,0.001,10.0,10.0,10.0,10.0,1.0,0.001,1.0,0.001,0.001
2016-02-10,10.0,10.0,0.001,0.001,10.0,0.001,0.001,0.001,10.0,0.01,0.001,0.01,0.001,0.001,10.0,0.001,1.0,0.01,0.001,0.001
2016-02-17,10.0,1.0,0.001,0.001,0.001,0.001,0.001,0.001,1.0,10.0,0.001,0.001,1.0,0.001,0.001,0.001,0.001,1.0,10.0,0.001
2016-02-24,10.0,10.0,0.001,0.001,1.0,10.0,0.001,1.0,1.0,10.0,0.001,1.0,0.001,10.0,10.0,0.001,0.1,10.0,0.001,0.001
2016-03-02,10.0,10.0,0.001,1.0,0.001,10.0,0.001,10.0,10.0,1.0,0.001,10.0,1.0,0.001,10.0,10.0,0.001,10.0,0.001,0.001
2016-03-09,10.0,10.0,0.001,10.0,10.0,10.0,0.001,10.0,10.0,10.0,10.0,0.1,10.0,0.001,10.0,0.001,0.01,10.0,0.001,0.001
2016-03-16,10.0,10.0,1.0,0.001,10.0,1.0,0.001,10.0,0.001,0.1,0.1,1.0,10.0,0.1,0.1,0.001,0.01,1.0,0.001,0.001
2016-03-23,10.0,10.0,10.0,0.01,1.0,1.0,1.0,0.1,0.001,0.001,0.01,0.1,10.0,0.1,10.0,0.001,10.0,0.01,10.0,0.001
2016-03-30,10.0,10.0,10.0,0.001,0.001,1.0,0.01,0.001,0.001,0.001,1.0,0.001,10.0,10.0,0.001,1.0,10.0,0.001,1.0,0.001
2016-04-06,0.001,0.001,0.01,0.001,0.001,0.001,0.01,1.0,0.001,10.0,0.001,0.001,1.0,0.001,0.1,0.001,10.0,0.001,10.0,0.001
2016-04-13,0.001,0.01,0.001,0.001,0.001,0.001,0.1,0.001,0.001,0.001,10.0,0.001,10.0,0.001,0.001,0.001,0.001,0.001,0.001,0.001
2016-04-20,0.001,0.001,0.001,0.001,0.01,0.001,0.01,0.001,0.001,0.001,1.0,0.01,10.0,0.001,0.001,0.001,0.001,1.0,0.1,0.001
2016-04-27,0.001,0.001,0.01,0.001,1.0,0.001,0.01,0.001,0.001,0.001,0.001,0.01,10.0,0.001,0.001,0.001,0.001,1.0,0.01,0.001
2016-05-04,0.001,10.0,0.01,0.001,0.01,0.001,0.01,0.001,0.001,0.001,0.001,0.1,0.001,1.0,0.001,1.0,0.001,10.0,0.01,0.001
2016-05-11,0.001,1.0,1.0,0.001,1.0,0.1,0.1,0.001,0.001,10.0,0.01,1.0,0.1,0.001,0.001,1.0,0.001,10.0,10.0,0.001
2016-05-18,0.001,0.001,0.001,0.001,10.0,0.1,0.1,0.001,0.001,0.1,0.1,0.001,1.0,0.001,0.001,0.01,0.001,0.01,1.0,0.001
2016-05-25,0.001,1.0,0.001,0.001,0.01,0.001,0.1,0.001,0.001,0.1,10.0,0.001,1.0,0.001,0.001,0.01,10.0,10.0,10.0,0.001
2016-06-01,0.001,0.001,0.1,0.001,10.0,0.001,0.01,10.0,0.001,1.0,1.0,0.01,0.01,0.001,0.001,10.0,10.0,0.01,10.0,0.001
2016-06-08,0.001,0.001,0.01,0.1,1.0,10.0,0.001,0.1,0.001,0.1,10.0,0.001,10.0,10.0,0.001,10.0,0.001,0.01,10.0,0.001
2016-06-15,0.001,10.0,1.0,0.1,10.0,0.001,0.001,0.001,0.001,1.0,0.01,0.001,0.01,0.001,0.001,0.001,0.001,0.001,1.0,0.001
2016-06-22,10.0,1.0,10.0,10.0,0.1,10.0,0.001,0.001,0.001,0.1,10.0,0.001,0.1,0.001,0.001,0.001,0.001,0.001,10.0,0.001
2016-06-29,0.001,0.001,0.001,0.001,0.1,0.001,0.1,0.001,0.001,0.001,0.1,0.001,1.0,0.001,10.0,0.001,0.001,0.001,0.001,0.001
2016-07-06,0.001,0.001,0.001,1.0,1.0,0.001,0.1,0.001,0.001,0.001,0.01,0.001,10.0,0.001,10.0,10.0,0.001,0.001,0.001,0.001
2016-07-13,0.001,0.001,0.001,0.001,0.1,0.001,0.1,0.001,0.001,0.001,0.01,0.001,0.001,0.001,0.001,0.001,0.001,0.001,0.001,0.001
2016-07-20,0.001,0.001,0.001,0.001,0.001,0.001,0.1,0.001,0.001,0.001,0.001,0.001,0.001,0.001,0.001,0.001,0.001,0.001,0.001,0.001
2016-07-27,0.001,0.001,10.0,0.001,10.0,0.001,0.001,0.001,0.001,10.0,0.001,0.001,0.001,0.001,0.001,0.001,0.001,0.001,0.001,0.001
2016-08-03,0.001,10.0,10.0,0.001,10.0,0.001,10.0,0.001,0.001,10.0,0.1,0.001,0.001,1.0,0.001,0.001,0.001,0.001,0.001,0.001
2016-08-10,0.001,0.001,0.001,0.001,0.01,0.001,0.001,0.001,0.001,0.001,0.001,0.001,0.001,0.001,1.0,0.001,0.001,0.001,0.001,0.001
2016-08-17,0.001,0.001,0.001,0.001,10.0,0.001,0.001,0.001,0.001,0.001,0.001,0.01,0.001,0.001,0.001,0.001,0.001,0.001,0.001,0.001
2016-08-24,0.001,0.001,0.01,0.001,10.0,0.001,0.01,0.001,0.001,0.1,0.001,0.001,0.001,0.001,0.001,0.001,0.001,0.001,0.001,0.001
2016-08-31,0.001,0.001,0.1,0.001,0.01,0.001,0.1,0.001,0.001,0.01,0.01,0.01,0.001,0.001,0.001,0.001,0.001,0.01,0.001,0.001
2016-09-07,0.001,0.001,0.01,0.001,0.001,0.001,0.001,0.001,0.001,0.01,0.1,0.01,0.01,0.001,0.001,0.001,0.01,0.001,0.001,0.001
2016-09-14,0.001,0.001,0.001,0.001,10.0,0.001,1.0,0.001,0.001,0.001,0.1,0.01,1.0,0.001,0.001,0.001,0.001,0.001,0.001,0.001
2016-09-21,0.001,0.001,0.001,0.001,10.0,0.01,10.0,0.001,0.01,0.001,10.0,0.001,10.0,0.001,0.01,0.001,0.1,0.001,10.0,0.001
2016-09-28,0.001,10.0,0.001,0.1,10.0,0.001,1.0,0.001,0.001,0.1,0.001,0.1,10.0,1.0,0.001,0.01,0.001,10.0,0.01,0.001
2016-10-05,0.001,1.0,0.001,0.001,0.001,10.0,1.0,0.001,0.001,0.001,0.001,0.1,10.0,10.0,0.001,10.0,0.001,10.0,1.0,0.001
2016-10-12,10.0,1.0,0.01,10.0,0.001,0.001,0.001,0.001,0.001,0.001,10.0,0.001,10.0,1.0,0.001,1.0,0.001,10.0,1.0,0.001
2016-10-19,10.0,10.0,0.01,10.0,0.001,0.001,0.001,10.0,0.001,0.001,10.0,0.001,10.0,10.0,0.001,1.0,0.001,0.001,10.0,0.001
2016-10-26,10.0,10.0,0.01,10.0,10.0,0.001,10.0,10.0,0.001,0.1,10.0,0.001,10.0,10.0,0.001,1.0,0.001,0.001,10.0,0.001
2016-11-02,10.0,0.001,0.001,0.001,10.0,10.0,10.0,10.0,0.001,10.0,0.001,0.001,10.0,0.001,0.01,1.0,0.1,10.0,10.0,0.001
2016-11-09,0.001,1.0,0.001,0.001,10.0,10.0,0.1,0.1,0.001,0.001,0.1,0.001,1.0,0.001,10.0,0.001,0.001,0.001,0.001,0.001
2016-11-16,10.0,10.0,0.001,0.001,1.0,0.001,0.001,10.0,0.001,0.001,0.1,0.001,0.001,0.001,10.0,0.001,1.0,0.001,10.0,0.001
2016-11-23,10.0,10.0,10.0,0.01,0.001,10.0,0.001,10.0,0.001,0.001,0.1,0.001,0.01,0.001,10.0,10.0,10.0,0.001,0.1,0.001
2016-11-30,10.0,1.0,10.0,1.0,0.001,0.001,10.0,10.0,0.001,1.0,10.0,0.001,1.0,0.001,10.0,0.001,10.0,10.0,0.001,0.001
2016-12-07,0.001,0.1,10.0,0.1,0.01,0.01,0.001,10.0,0.001,10.0,10.0,0.001,0.01,0.001,10.0,10.0,10.0,1.0,0.01,0.001
2016-12-14,0.001,0.01,10.0,0.001,0.001,0.001,0.001,10.0,0.001,0.001,0.001,1.0,0.1,0.001,0.001,10.0,10.0,10.0,1.0,0.001
2016-12-21,0.001,0.01,10.0,0.001,0.001,0.001,0.001,10.0,0.001,1.0,1.0,0.001,0.01,10.0,0.001,0.001,0.001,1.0,1.0,0.001
2016-12-28,0.001,10.0,10.0,0.001,10.0,0.001,0.001,10.0,0.001,0.001,10.0,0.01,1.0,0.001,0.01,0.01,0.001,10.0,0.1,0.001
2017-01-04,0.001,0.1,10.0,0.001,0.1,10.0,10.0,10.0,0.001,0.001,1.0,1.0,10.0,0.01,10.0,0.01,0.001,1.0,0.1,0.001
2017-01-11,0.001,0.001,10.0,0.001,0.001,0.001,0.001,0.001,0.001,0.01,0.001,1.0,0.001,0.01,0.01,0.01,0.001,1.0,10.0,0.001
2017-01-18,0.001,0.1,1.0,0.001,0.001,0.001,0.001,0.001,0.001,0.01,0.001,0.001,0.1,0.001,0.1,0.001,0.001,1.0,0.001,0.001
2017-01-25,0.001,0.001,1.0,0.001,0.001,0.001,0.001,0.001,0.001,0.001,0.001,0.001,0.01,0.001,0.1,0.001,0.001,1.0,10.0,0.001
2017-02-01,0.1,0.001,0.1,0.001,1.0,1.0,0.001,0.001,0.001,0.001,0.001,10.0,10.0,0.1,0.001,0.001,0.001,0.001,1.0,0.001
2017-02-08,0.001,10.0,1.0,0.001,0.1,1.0,0.001,0.01,10.0,0.01,0.001,0.001,0.001,10.0,0.001,0.001,0.001,0.01,0.001,0.001
2017-02-15,0.001,10.0,0.001,0.001,0.1,0.001,0.001,0.01,0.001,0.01,0.001,10.0,10.0,10.0,0.001,0.001,10.0,0.01,0.001,0.001
2017-02-22,0.001,0.1,0.001,0.001,1.0,0.001,10.0,0.1,10.0,0.01,0.001,10.0,0.001,10.0,0.001,0.01,0.001,0.01,0.001,0.001
2017-03-01,1.0,10.0,1.0,0.001,10.0,0.001,0.001,1.0,0.001,0.01,0.001,10.0,0.01,10.0,1.0,0.001,10.0,0.01,0.001,0.001
2017-03-08,0.001,10.0,1.0,1.0,1.0,0.001,1.0,10.0,0.001,0.01,10.0,0.01,0.01,10.0,1.0,10.0,10.0,0.01,0.001,0.001
2017-03-15,0.01,0.001,0.001,10.0,0.01,0.01,10.0,0.001,1.0,0.001,10.0,0.01,0.01,10.0,0.001,10.0,0.001,0.001,0.001,0.001
2017-03-22,0.01,0.001,0.001,10.0,0.1,0.1,10.0,10.0,0.001,0.01,10.0,0.01,10.0,10.0,0.001,1.0,10.0,0.001,0.1,0.001
2017-03-29,0.01,0.01,1.0,0.01,0.1,0.1,10.0,10.0,0.001,10.0,10.0,0.001,0.001,10.0,1.0,10.0,0.001,0.001,0.001,0.001
2017-04-05,0.01,0.001,10.0,0.01,0.1,0.01,0.001,10.0,0.001,10.0,10.0,10.0,1.0,10.0,0.1,0.01,0.001,0.001,0.001,0.001
2017-04-12,0.1,1.0,0.01,0.01,0.01,10.0,0.001,0.01,0.001,0.1,0.001,0.001,0.001,0.001,0.01,10.0,0.001,10.0,0.001,0.001
2017-04-19,10.0,10.0,1.0,0.001,10.0,10.0,0.001,0.1,0.001,0.1,0.001,10.0,0.001,10.0,0.1,0.1,0.1,1.0,0.001,0.001
2017-04-26,10.0,10.0,0.1,0.001,0.01,1.0,0.001,0.001,0.001,0.001,0.001,10.0,10.0,10.0,10.0,0.1,0.001,0.001,0.001,0.001
2017-05-03,10.0,10.0,0.01,0.001,0.01,10.0,0.001,10.0,0.1,0.001,10.0,10.0,0.001,0.001,0.001,10.0,10.0,0.001,0.001,0.001
2017-05-10,10.0,10.0,0.01,0.001,10.0,10.0,0.001,1.0,0.001,10.0,0.001,10.0,0.001,0.01,0.001,10.0,0.01,0.001,10.0,0.001
2017-05-17,0.001,0.001,0.001,0.001,10.0,1.0,10.0,0.1,0.001,10.0,10.0,10.0,0.001,0.001,1.0,0.001,1.0,0.001,10.0,0.001
2017-05-24,0.001,0.001,10.0,0.001,1.0,10.0,10.0,0.01,0.001,10.0,0.01,10.0,0.001,0.001,0.01,0.001,0.001,10.0,10.0,0.001
2017-05-31,0.001,0.1,0.01,10.0,10.0,10.0,10.0,0.01,10.0,10.0,0.001,1.0,0.001,0.01,0.001,0.001,1.0,10.0,10.0,0.001
2017-06-07,0.001,0.1,1.0,10.0,1.0,0.001,0.001,0.001,10.0,10.0,0.001,10.0,0.001,0.1,0.001,0.001,10.0,0.001,0.001,0.001
2017-06-14,0.001,0.1,10.0,0.001,10.0,0.001,0.001,10.0,0.01,10.0,0.001,1.0,10.0,0.001,0.001,10.0,1.0,0.001,0.001,0.001
2017-06-21,0.001,10.0,10.0,0.001,0.01,10.0,0.001,1.0,0.001,10.0,0.1,0.001,0.01,0.001,0.001,0.001,10.0,10.0,0.001,0.001
2017-06-28,0.001,1.0,0.001,0.001,10.0,10.0,1.0,0.001,0.001,10.0,1.0,0.001,0.01,0.001,0.001,10.0,10.0,0.001,1.0,0.001
2017-07-05,0.001,0.001,0.001,0.001,10.0,10.0,0.001,0.001,10.0,10.0,0.001,0.001,0.01,0.001,0.001,0.001,10.0,10.0,0.001,0.001
2017-07-12,0.001,0.001,0.001,0.001,0.1,0.1,0.001,0.001,0.001,10.0,1.0,0.001,0.001,1.0,0.01,0.001,0.01,10.0,1.0,0.001
2017-07-19,10.0,0.001,0.001,0.001,10.0,10.0,10.0,0.001,0.001,1.0,0.001,10.0,0.1,10.0,0.001,0.001,0.01,0.001,0.1,0.001
2017-07-26,0.001,0.001,0.001,0.001,0.001,1.0,10.0,10.0,0.001,10.0,0.001,10.0,0.1,0.001,0.01,0.1,1.0,10.0,1.0,0.001
2017-08-02,0.001,10.0,10.0,0.001,0.001,0.01,0.001,0.1,0.01,10.0,10.0,1.0,1.0,0.001,1.0,1.0,0.001,0.1,0.01,0.001
2017-08-09,0.001,0.001,10.0,0.001,1.0,0.01,0.001,0.1,10.0,10.0,10.0,1.0,1.0,0.01,0.01,0.1,0.001,1.0,0.001,0.001
2017-08-16,0.001,0.001,0.001,0.001,10.0,1.0,0.001,10.0,10.0,10.0,10.0,0.001,10.0,10.0,10.0,10.0,0.001,10.0,0.001,0.001
2017-08-23,10.0,0.001,0.001,0.001,1.0,10.0,1.0,1.0,10.0,1.0,0.001,0.001,10.0,0.001,10.0,0.01,0.001,1.0,0.001,0.001
2017-08-30,10.0,0.001,1.0,0.001,10.0,0.001,0.001,0.1,1.0,0.001,0.001,0.001,10.0,0.001,0.01,0.001,0.01,0.01,0.001,0.001
2017-09-06,10.0,0.01,1.0,0.001,0.01,0.1,0.001,0.1,1.0,0.001,0.001,0.001,0.001,1.0,0.01,0.001,0.01,0.01,0.001,0.001
2017-09-13,0.001,0.001,10.0,0.001,0.01,0.01,0.001,0.001,0.001,0.001,10.0,0.001,1.0,0.001,0.01,0.001,0.001,0.01,0.001,0.001
2017-09-20,10.0,0.001,1.0,0.1,0.1,1.0,0.001,0.001,1.0,0.001,10.0,1.0,10.0,0.001,0.1,0.001,0.001,0.001,0.001,0.001
2017-09-27,10.0,0.001,1.0,0.001,0.001,0.01,0.001,0.001,0.001,0.01,10.0,0.001,10.0,0.001,0.001,0.001,0.001,0.1,0.001,0.001
2017-10-04,1.0,0.001,0.01,0.001,0.01,1.0,0.001,0.001,0.001,0.1,10.0,0.001,0.001,0.001,10.0,1.0,0.01,0.001,0.001,0.001
2017-10-11,1.0,1.0,0.01,0.001,1.0,0.01,0.001,0.001,0.001,0.001,0.001,0.01,0.001,0.001,0.001,0.001,0.01,0.001,0.001,0.001
2017-10-18,0.01,10.0,0.01,0.001,0.01,0.01,0.1,0.001,0.001,0.01,10.0,0.01,0.001,0.001,0.001,0.01,0.001,0.001,0.001,0.001
2017-10-25,10.0,10.0,0.1,0.001,0.001,0.1,10.0,0.001,0.001,1.0,10.0,0.001,1.0,0.001,10.0,0.1,0.001,10.0,10.0,0.001
2017-11-01,10.0,0.01,10.0,0.001,10.0,0.001,0.001,0.001,0.001,10.0,10.0,0.1,0.001,0.001,10.0,0.01,10.0,10.0,10.0,0.001
2017-11-08,0.001,0.001,0.001,0.1,10.0,0.001,1.0,0.001,0.001,10.0,0.01,10.0,1.0,1.0,10.0,10.0,10.0,0.001,0.001,0.001
2017-11-15,0.001,0.01,0.001,1.0,1.0,0.01,10.0,0.01,10.0,10.0,0.001,10.0,0.001,10.0,0.001,0.001,10.0,0.001,0.001,0.001
2017-11-22,0.001,0.01,10.0,0.001,1.0,0.01,0.001,0.001,0.001,10.0,1.0,10.0,0.001,10.0,0.001,0.001,0.001,0.001,0.001,0.001
2017-11-29,1.0,10.0,1.0,0.001,10.0,0.001,1.0,1.0,0.001,1.0,1.0,10.0,0.001,0.001,1.0,0.1,10.0,10.0,0.001,0.001
2017-12-06,0.1,1.0,1.0,10.0,0.1,0.1,10.0,10.0,10.0,10.0,0.01,0.001,0.001,0.001,0.001,10.0,0.1,0.001,0.001,0.001
2017-12-13,0.1,1.0,10.0,0.001,0.001,10.0,10.0,10.0,10.0,10.0,0.001,0.001,0.001,0.001,0.001,10.0,10.0,10.0,0.001,0.001
2017-12-20,0.1,0.1,0.1,0.001,10.0,0.001,0.1,1.0,0.1,1.0,0.01,0.001,0.001,0.001,1.0,0.1,10.0,0.1,0.001,0.001
2017-12-27,0.1,0.1,0.1,0.001,0.001,0.001,0.01,1.0,0.001,1.0,0.01,0.1,0.001,0.001,1.0,0.001,0.01,10.0,0.001,0.001
2018-01-03,0.001,0.01,1.0,10.0,0.01,0.001,10.0,10.0,0.1,1.0,10.0,0.001,10.0,0.001,1.0,0.001,10.0,10.0,10.0,0.001
2018-01-10,10.0,10.0,0.1,1.0,10.0,10.0,1.0,0.01,0.001,0.001,0.1,0.001,0.001,0.001,0.01,0.001,10.0,0.1,0.001,0.001
2018-01-17,1.0,1.0,0.01,10.0,10.0,1.0,0.1,0.01,0.001,0.1,0.01,0.001,0.001,0.001,1.0,0.001,0.01,0.01,0.001,0.001
2018-01-24,0.01,10.0,0.01,1.0,10.0,0.01,0.001,0.01,0.001,10.0,0.1,0.001,0.1,10.0,10.0,10.0,10.0,0.001,0.001,0.001
2018-01-31,0.001,1.0,0.01,0.001,0.01,10.0,10.0,0.01,0.001,10.0,0.1,0.1,0.001,0.001,0.001,0.01,0.001,0.001,0.001,0.001
2018-02-07,0.001,10.0,0.001,1.0,0.001,10.0,10.0,0.001,0.001,0.001,1.0,1.0,10.0,0.01,0.001,0.01,10.0,10.0,0.001,0.001
2018-02-14,0.01,0.001,0.001,0.1,10.0,10.0,10.0,1.0,0.001,10.0,10.0,10.0,0.01,0.001,10.0,0.01,10.0,10.0,0.001,0.001
2018-02-21,0.001,10.0,0.001,0.1,10.0,0.001,10.0,10.0,10.0,10.0,0.001,0.01,10.0,0.001,1.0,1.0,10.0,0.001,0.001,0.001
2018-02-28,0.001,0.001,10.0,0.001,0.001,0.001,0.001,0.001,10.0,10.0,1.0,10.0,0.001,10.0,10.0,1.0,10.0,0.001,10.0,0.001
2018-03-07,0.001,0.001,10.0,0.001,0.001,0.001,0.001,10.0,0.001,0.001,0.001,0.001,0.001,0.001,0.001,0.001,10.0,0.001,0.01,0.001
2018-03-14,10.0,10.0,0.001,0.001,0.001,10.0,0.001,10.0,0.001,0.001,10.0,1.0,0.001,0.001,10.0,0.001,0.001,0.001,0.001,0.001
2018-03-21,0.001,10.0,1.0,0.001,0.001,10.0,1.0,0.001,0.001,0.001,10.0,0.001,10.0,0.001,1.0,0.001,0.001,10.0,0.001,0.001
2018-03-28,0.001,10.0,0.001,0.001,0.1,0.001,10.0,0.001,0.001,10.0,10.0,0.001,0.001,0.001,0.01,0.001,0.001,0.001,10.0,0.001
2018-04-04,0.001,0.001,0.001,0.001,10.0,0.001,0.001,0.001,0.001,1.0,10.0,0.001,0.001,10.0,10.0,0.001,0.001,0.001,0.1,0.001
2018-04-11,10.0,10.0,1.0,0.001,0.001,0.001,0.01,0.001,0.001,0.001,10.0,0.01,0.001,0.001,10.0,0.001,0.001,0.001,0.001,0.001
2018-04-18,0.01,0.001,10.0,0.001,0.001,0.001,0.1,0.001,0.001,0.001,10.0,0.001,10.0,0.001,0.001,0.001,0.001,0.001,0.001,0.001
2018-04-25,10.0,0.001,10.0,0.001,0.01,0.1,0.01,0.001,0.001,0.001,10.0,1.0,1.0,10.0,10.0,1.0,0.001,0.001,10.0,0.001
2018-05-02,10.0,0.001,0.001,0.001,0.001,0.001,0.001,10.0,0.001,0.001,0.01,0.001,0.01,10.0,10.0,1.0,0.001,0.001,0.001,0.001
2018-05-09,10.0,0.1,0.001,0.001,10.0,10.0,0.01,0.001,0.001,10.0,10.0,10.0,0.01,10.0,1.0,1.0,0.01,0.001,1.0,0.001
2018-05-16,0.001,1.0,0.001,0.001,0.001,0.01,0.01,0.001,0.001,10.0,0.01,0.001,0.1,10.0,0.1,0.001,0.01,0.001,10.0,0.001
2018-05-23,0.01,1.0,0.001,0.001,10.0,0.01,0.001,0.01,0.001,10.0,10.0,0.1,0.1,0.01,0.1,0.001,0.001,0.001,0.001,0.001
2018-05-30,0.1,10.0,0.001,0.001,0.001,0.01,0.01,1.0,10.0,10.0,0.1,1.0,0.1,0.001,0.1,0.01,0.001,0.01,0.001,0.001
2018-06-06,0.1,0.01,0.01,0.001,0.001,0.01,1.0,1.0,1.0,0.1,0.01,10.0,0.001,0.001,0.001,0.001,0.001,0.001,0.001,0.001
2018-06-13,10.0,0.01,0.001,0.1,0.001,0.1,10.0,1.0,10.0,10.0,0.001,1.0,10.0,0.001,0.001,0.001,0.001,0.001,0.001,0.001
2018-06-20,10.0,0.01,0.001,0.001,0.1,10.0,10.0,10.0,10.0,10.0,0.001,0.001,0.001,0.001,0.001,0.001,10.0,0.01,0.001,0.001
2018-06-27,10.0,10.0,0.001,0.001,0.01,10.0,0.1,10.0,1.0,10.0,0.001,0.001,0.001,0.1,0.001,0.001,0.001,0.001,0.001,0.001
2018-07-04,10.0,10.0,0.001,0.001,10.0,10.0,10.0,1.0,0.001,0.1,0.001,0.001,0.001,0.001,10.0,0.001,0.001,0.001,0.001,0.001
2018-07-11,0.001,10.0,0.001,1.0,0.001,1.0,10.0,0.001,0.001,0.1,0.001,0.001,0.001,0.1,1.0,0.001,0.001,0.001,0.001,0.001
2018-07-18,0.001,0.1,0.01,10.0,0.001,10.0,10.0,0.001,10.0,0.1,0.001,0.001,0.001,10.0,10.0,0.1,1.0,0.001,0.001,0.001
2018-07-25,0.001,10.0,0.001,10.0,0.001,0.001,10.0,1.0,1.0,1.0,0.001,10.0,0.001,0.001,10.0,0.001,0.001,0.001,0.01,0.001
2018-08-01,10.0,0.001,0.001,10.0,1.0,0.01,10.0,0.001,0.01,1.0,0.001,0.001,0.001,10.0,10.0,10.0,10.0,0.001,10.0,0.001
2018-08-08,0.001,0.001,0.001,0.01,0.001,0.01,10.0,10.0,0.01,10.0,0.001,0.001,10.0,0.001,0.001,10.0,1.0,10.0,1.0,0.001
2018-08-15,0.001,1.0,0.001,0.01,10.0,0.001,10.0,10.0,0.001,0.001,0.001,0.001,10.0,0.001,0.001,10.0,0.01,10.0,0.001,0.001
2018-08-22,0.001,1.0,0.01,0.01,10.0,0.001,10.0,1.0,1.0,10.0,0.001,0.001,0.001,10.0,0.1,0.001,0.001,0.001,10.0,0.001
2018-08-29,0.001,0.01,0.1,0.01,0.001,0.001,10.0,1.0,0.001,10.0,0.001,0.001,0.001,0.01,10.0,0.001,0.001,0.001,10.0,0.001
2018-09-05,0.001,0.01,10.0,0.001,0.01,10.0,1.0,0.001,0.001,10.0,0.001,0.001,0.001,0.01,1.0,0.001,0.001,0.001,10.0,0.001
2018-09-12,0.001,0.01,1.0,0.001,0.01,0.001,10.0,10.0,1.0,10.0,1.0,0.001,0.01,0.001,1.0,1.0,0.001,10.0,0.01,0.001
2018-09-19,0.001,0.1,10.0,0.001,0.001,0.001,10.0,0.001,10.0,0.001,0.001,0.001,0.001,0.001,0.001,0.001,1.0,0.001,1.0,0.001
2018-09-26,0.01,0.001,0.001,1.0,0.01,0.001,10.0,10.0,10.0,0.001,0.001,0.001,0.001,10.0,1.0,10.0,0.01,0.001,0.001,0.001
2018-10-03,0.1,10.0,1.0,1.0,0.01,0.01,0.001,0.001,10.0,0.001,0.001,0.001,10.0,10.0,0.01,10.0,0.001,0.001,0.001,0.001
2018-10-10,0.001,10.0,1.0,10.0,10.0,10.0,0.001,10.0,1.0,0.001,0.001,0.001,0.001,0.001,0.001,10.0,0.001,0.001,10.0,0.001
2018-10-17,0.001,10.0,10.0,10.0,10.0,10.0,0.001,10.0,0.1,10.0,0.001,0.1,1.0,0.1,1.0,0.001,0.001,0.001,1.0,0.001
2018-10-24,0.1,0.001,0.1,10.0,0.1,10.0,1.0,10.0,1.0,10.0,0.001,1.0,10.0,0.001,1.0,0.001,10.0,0.001,0.001,0.001
2018-10-31,10.0,0.001,10.0,10.0,0.001,0.01,1.0,1.0,0.001,1.0,0.01,1.0,1.0,0.001,10.0,1.0,10.0,0.001,10.0,0.001
2018-11-07,10.0,0.001,1.0,0.001,0.001,10.0,0.001,10.0,0.001,0.001,1.0,0.001,10.0,0.001,0.001,10.0,10.0,0.001,1.0,0.001
2018-11-14,10.0,0.001,0.001,10.0,0.001,10.0,0.001,10.0,0.001,0.001,10.0,10.0,0.001,0.1,0.001,0.001,1.0,10.0,1.0,0.001
2018-11-21,0.001,0.1,1.0,10.0,0.001,0.001,10.0,10.0,10.0,0.001,0.001,1.0,0.001,10.0,10.0,0.001,1.0,10.0,10.0,0.001
2018-11-28,10.0,0.1,0.001,10.0,0.001,0.001,10.0,1.0,0.001,0.001,10.0,10.0,0.001,0.001,10.0,10.0,10.0,10.0,0.001,0.001
2018-12-05,0.001,0.001,10.0,10.0,0.001,0.001,0.001,0.001,0.001,0.001,10.0,10.0,10.0,0.001,0.001,0.001,10.0,0.001,0.001,0.001
2018-12-12,0.001,0.01,10.0,0.001,0.001,0.001,0.001,10.0,0.001,0.001,0.01,10.0,0.001,0.1,10.0,10.0,0.001,0.001,0.1,0.001
2018-12-19,0.001,0.001,0.01,0.001,0.001,10.0,0.001,10.0,0.001,0.01,10.0,10.0,1.0,0.01,0.001,0.001,0.001,0.1,0.01,0.001
2018-12-26,0.001,0.001,0.001,0.001,0.001,10.0,0.001,1.0,0.001,0.001,10.0,10.0,0.001,0.001,0.001,0.001,0.001,0.1,0.001,0.001
2019-01-02,0.001,1.0,0.001,1.0,0.001,10.0,0.001,10.0,0.001,0.001,10.0,10.0,0.001,0.001,0.001,0.001,0.001,0.001,10.0,0.001
2019-01-09,0.001,0.001,10.0,0.001,0.001,0.001,10.0,0.01,0.001,10.0,0.001,0.001,1.0,0.001,0.001,10.0,10.0,0.001,1.0,0.001
2019-01-16,0.001,0.001,0.001,10.0,10.0,0.01,1.0,0.01,0.001,0.001,0.001,0.001,1.0,0.001,10.0,0.001,10.0,0.001,10.0,0.001
2019-01-23,0.001,0.001,10.0,1.0,0.001,1.0,10.0,10.0,0.001,10.0,0.001,1.0,0.001,0.001,10.0,0.001,0.001,0.001,10.0,0.001
2019-01-30,0.1,0.001,0.1,10.0,0.001,0.001,10.0,10.0,0.001,10.0,0.001,0.1,0.001,0.001,0.001,0.001,0.001,10.0,0.001,0.001
2019-02-06,0.01,0.001,0.001,0.001,0.001,0.001,0.01,0.1,10.0,10.0,0.001,0.001,0.001,0.001,10.0,0.001,0.001,0.01,0.001,0.001
2019-02-13,0.01,0.001,0.01,0.001,1.0,0.001,0.01,0.01,1.0,0.01,0.001,0.001,0.001,0.001,0.001,0.001,0.001,0.001,0.001,0.001
2019-02-20,0.1,0.001,0.001,0.001,10.0,0.01,0.01,10.0,10.0,0.01,0.001,0.001,0.001,10.0,0.001,0.1,0.001,0.01,0.001,0.001
2019-02-27,0.001,0.001,0.1,0.001,1.0,0.1,0.001,10.0,0.001,0.01,0.1,0.001,0.01,0.001,0.001,0.1,0.1,0.1,0.001,0.001
2019-03-06,0.001,0.001,0.001,0.1,0.001,0.01,0.01,0.001,10.0,0.01,0.01,0.001,0.1,0.1,0.1,0.1,0.001,0.001,1.0,0.001
2019-03-13,0.001,0.001,10.0,0.001,0.001,0.01,0.1,0.001,10.0,0.01,0.01,0.01,0.1,0.001,0.001,0.001,0.001,0.1,10.0,0.001
2019-03-20,10.0,1.0,0.001,1.0,0.001,0.001,0.1,1.0,0.001,0.1,0.001,1.0,0.001,10.0,0.001,0.001,0.01,1.0,1.0,0.001
2019-03-27,0.001,0.01,10.0,0.001,0.001,1.0,0.001,0.001,0.001,0.01,0.001,10.0,10.0,1.0,0.001,0.001,1.0,10.0,0.1,0.001
2019-04-03,0.001,1.0,10.0,10.0,0.001,1.0,10.0,10.0,0.001,0.01,10.0,1.0,10.0,10.0,0.001,0.001,1.0,0.001,0.001,0.001
2019-04-10,0.001,0.1,10.0,10.0,0.01,0.001,0.01,0.01,0.001,10.0,0.001,0.001,0.001,0.1,0.001,10.0,0.1,10.0,0.01,0.001
2019-04-17,10.0,0.01,10.0,10.0,0.01,10.0,0.001,1.0,0.001,1.0,0.001,10.0,0.001,10.0,0.001,10.0,10.0,10.0,10.0,0.001
2019-04-24,10.0,0.01,0.01,0.001,0.1,10.0,10.0,10.0,0.001,10.0,1.0,0.001,0.001,10.0,0.001,0.01,10.0,10.0,0.001,0.001
2019-05-01,10.0,1.0,0.1,0.01,0.1,10.0,0.01,0.001,0.001,0.001,10.0,0.001,1.0,10.0,0.001,1.0,10.0,0.01,0.001,0.001
2019-05-08,0.001,1.0,0.1,1.0,10.0,10.0,0.1,0.001,0.001,10.0,10.0,10.0,0.001,10.0,10.0,0.1,0.001,10.0,1.0,0.001
2019-05-15,0.001,0.001,0.001,1.0,0.001,1.0,10.0,10.0,0.001,10.0,0.01,0.001,0.001,1.0,10.0,10.0,0.001,10.0,10.0,0.001
2019-05-22,0.1,10.0,10.0,0.001,0.1,10.0,0.1,0.001,0.001,1.0,0.01,10.0,0.001,10.0,0.1,0.001,0.001,0.001,10.0,0.001
2019-05-29,1.0,1.0,0.001,0.001,10.0,10.0,0.001,1.0,0.001,0.001,1.0,1.0,0.001,0.01,10.0,10.0,0.001,1.0,10.0,0.001
2019-06-05,1.0,1.0,0.001,0.001,0.1,10.0,10.0,1.0,1.0,0.001,1.0,0.001,0.001,0.001,10.0,0.001,0.001,10.0,10.0,0.001
2019-06-12,0.001,0.001,0.001,0.001,0.1,10.0,0.001,0.001,0.001,10.0,1.0,1.0,0.001,10.0,10.0,10.0,10.0,10.0,0.001,0.001
2019-06-19,10.0,1.0,10.0,0.001,0.1,10.0,10.0,0.001,0.001,10.0,0.001,1.0,0.001,1.0,0.001,10.0,10.0,0.001,0.001,0.001
2019-06-26,10.0,0.01,0.001,10.0,0.001,1.0,0.001,0.001,10.0,10.0,0.1,0.001,1.0,0.001,0.001,1.0,0.001,0.001,0.001,0.001
2019-07-03,10.0,0.001,0.001,1.0,0.001,10.0,0.001,0.001,10.0,10.0,0.1,0.001,0.001,0.001,0.001,0.1,0.1,0.1,10.0,0.001
2019-07-10,0.001,10.0,0.001,0.01,0.001,0.001,0.1,0.001,0.01,10.0,0.01,0.1,0.001,0.001,0.001,0.01,0.1,0.001,0.01,0.001
2019-07-17,0.1,0.001,0.001,0.1,0.001,10.0,0.1,0.01,0.01,10.0,0.01,0.01,0.001,0.001,0.001,0.1,0.1,0.001,10.0,0.001
2019-07-24,0.001,0.001,1.0,0.1,0.001,0.001,0.1,0.001,0.01,0.001,10.0,0.001,0.001,0.001,0.001,0.01,0.01,0.01,0.01,0.001
2019-07-31,0.001,0.1,0.01,0.1,10.0,1.0,0.1,0.001,0.01,0.001,0.01,0.001,0.001,0.001,0.001,0.001,0.001,1.0,0.01,0.001
2019-08-07,0.001,0.001,0.01,0.1,10.0,0.01,0.001,0.001,1.0,0.001,10.0,0.01,0.001,0.001,0.001,10.0,10.0,0.001,1.0,0.001
2019-08-14,0.001,0.001,0.01,0.1,10.0,0.1,10.0,0.001,1.0,10.0,10.0,0.1,0.001,0.001,0.001,0.001,10.0,0.001,0.1,0.001
2019-08-21,0.001,0.001,0.001,0.001,10.0,10.0,0.001,0.001,0.001,0.1,0.001,0.001,0.1,10.0,0.001,10.0,0.01,10.0,10.0,0.001
2019-08-28,0.001,10.0,0.001,1.0,1.0,10.0,0.001,10.0,0.001,0.1,0.001,0.001,0.001,10.0,0.001,0.001,0.001,0.001,0.01,0.001
2019-09-04,0.001,0.001,0.001,0.001,0.001,10.0,10.0,0.001,0.001,0.1,0.001,0.001,0.001,0.001,0.001,0.001,0.01,0.001,0.001,0.001
2019-09-11,0.001,0.001,10.0,0.001,1.0,10.0,10.0,0.001,0.001,0.1,0.001,0.001,0.001,0.001,0.001,0.001,10.0,0.001,0.01,0.001
2019-09-18,0.001,10.0,10.0,0.001,1.0,0.01,10.0,0.001,10.0,1.0,0.001,0.001,0.001,0.001,0.01,0.001,1.0,0.001,0.01,0.001
2019-09-25,0.001,1.0,0.001,0.001,0.001,0.01,1.0,1.0,0.001,10.0,10.0,0.001,0.001,0.001,0.01,0.001,1.0,0.001,0.01,0.001
2019-10-02,0.001,10.0,0.001,0.001,10.0,0.01,10.0,0.001,0.001,0.001,1.0,0.001,0.001,0.001,0.1,0.001,0.001,0.001,10.0,0.001
2019-10-09,0.01,10.0,0.001,0.001,10.0,0.001,0.001,0.001,0.001,10.0,0.001,0.001,0.001,0.001,0.001,0.001,0.1,0.001,0.001,0.001
2019-10-16,0.001,10.0,0.001,0.001,10.0,0.001,0.001,0.001,0.001,0.001,0.001,0.001,0.001,0.001,0.001,0.001,10.0,0.001,10.0,0.001
2019-10-23,0.001,1.0,0.001,0.001,10.0,0.001,0.001,0.01,0.001,10.0,0.001,0.001,0.001,0.001,0.001,0.1,1.0,0.001,10.0,0.001
2019-10-30,0.001,1.0,0.001,0.001,10.0,0.001,0.01,0.001,0.001,10.0,0.001,0.01,0.001,0.001,0.001,0.1,1.0,0.001,0.001,0.001
2019-11-06,0.001,1.0,0.001,0.001,10.0,0.001,10.0,0.001,0.001,1.0,0.001,0.001,0.001,0.001,0.001,1.0,10.0,0.001,0.1,0.001
2019-11-13,0.001,1.0,0.001,0.001,0.1,0.001,0.01,0.1,10.0,0.01,0.01,0.001,0.001,0.001,0.001,10.0,1.0,0.001,10.0,0.001
2019-11-20,10.0,0.1,10.0,0.001,10.0,0.001,10.0,1.0,10.0,1.0,0.001,0.001,0.001,0.001,0.001,0.001,1.0,0.001,10.0,0.001
2019-11-27,0.001,0.01,0.001,0.001,10.0,10.0,10.0,1.0,0.001,10.0,10.0,0.001,0.001,0.001,0.001,0.001,1.0,0.01,1.0,0.001
2019-12-04,10.0,0.01,0.001,0.01,10.0,0.001,0.001,10.0,0.001,0.1,0.01,0.001,0.001,10.0,0.01,0.01,10.0,0.01,10.0,0.001
2019-12-11,0.001,0.001,0.001,0.01,1.0,0.001,0.001,10.0,0.001,10.0,1.0,0.001,10.0,0.01,0.01,0.1,0.01,0.01,0.1,0.001
2019-12-18,0.1,0.001,0.01,1.0,0.01,0.001,0.001,10.0,0.001,0.001,0.01,0.001,0.001,0.001,0.01,0.1,0.01,0.1,0.1,0.001
2019-12-25,10.0,0.001,10.0,0.001,0.001,0.001,0.001,10.0,0.001,0.001,1.0,0.001,0.01,0.001,0.001,0.1,0.01,0.01,0.01,0.001
2020-01-01,10.0,0.001,10.0,0.001,0.001,0.001,0.1,0.001,0.001,0.001,0.1,10.0,0.001,0.001,10.0,1.0,0.001,10.0,0.01,0.001
2020-01-08,10.0,0.001,0.1,0.001,0.001,10.0,1.0,0.001,0.001,0.001,0.1,10.0,0.001,0.01,0.001,1.0,10.0,0.01,0.1,0.001
2020-01-15,0.01,10.0,0.01,0.1,0.001,0.001,10.0,0.001,0.001,10.0,0.001,1.0,1.0,10.0,0.001,0.001,0.001,0.001,0.01,0.001
2020-01-22,0.1,0.001,0.01,0.01,0.001,10.0,0.001,1.0,0.1,10.0,0.001,10.0,0.001,10.0,0.001,0.001,0.001,0.001,0.001,0.001
2020-01-29,0.1,0.001,0.001,10.0,0.001,0.1,0.001,0.1,1.0,0.001,0.001,0.001,0.1,0.001,0.001,0.001,0.01,0.001,0.01,0.001
2020-02-05,10.0,0.1,0.001,0.1,0.001,10.0,1.0,0.001,0.1,1.0,0.001,10.0,0.1,10.0,0.001,10.0,0.001,0.001,10.0,0.001
2020-02-12,10.0,0.01,0.001,0.001,0.001,10.0,1.0,0.001,1.0,0.1,10.0,10.0,0.001,0.001,1.0,0.1,0.001,10.0,1.0,0.001
2020-02-19,0.001,0.001,10.0,0.001,10.0,0.001,10.0,10.0,10.0,0.1,10.0,10.0,1.0,10.0,10.0,0.001,10.0,10.0,1.0,0.001
2020-02-26,0.001,0.001,10.0,0.001,0.001,10.0,0.001,0.001,0.001,0.001,0.001,10.0,0.01,0.001,0.001,0.001,0.001,0.001,1.0,0.001
2020-03-04,0.001,0.001,10.0,10.0,0.001,10.0,0.001,0.001,0.001,0.001,0.001,10.0,0.001,0.001,0.001,0.001,10.0,0.001,0.001,0.001
2020-03-11,0.001,1.0,10.0,1.0,0.001,0.001,0.001,0.001,0.001,0.001,0.001,10.0,0.001,0.001,10.0,0.001,0.001,0.001,10.0,0.001
2020-03-18,0.001,0.001,10.0,0.001,0.001,0.001,0.001,0.001,0.001,0.001,0.001,10.0,0.001,0.001,10.0,0.001,0.001,0.001,10.0,0.001
2020-03-25,0.001,0.001,0.001,0.001,0.001,0.001,0.001,1.0,0.001,10.0,0.001,0.001,0.001,0.001,0.001,0.001,0.001,0.001,0.001,0.001
2020-04-01,0.001,0.001,0.001,0.001,0.001,0.001,0.001,10.0,0.001,0.001,0.001,0.001,0.001,0.001,10.0,0.001,0.001,0.001,0.001,0.001
2020-04-08,0.001,0.001,0.001,0.001,0.001,0.001,0.001,10.0,0.001,10.0,10.0,0.001,0.001,0.001,0.001,0.001,10.0,0.001,0.001,0.001
2020-04-15,10.0,10.0,0.001,1.0,0.001,10.0,0.001,10.0,10.0,1.0,10.0,10.0,0.001,0.001,10.0,1.0,1.0,0.001,10.0,0.001
2020-04-22,10.0,0.001,0.001,0.001,0.001,10.0,1.0,10.0,0.001,1.0,0.001,0.001,0.001,0.001,10.0,0.001,0.001,0.001,10.0,0.001
2020-04-29,0.001,0.001,1.0,0.001,0.001,1.0,0.001,10.0,0.001,0.1,0.001,0.001,0.001,0.001,10.0,0.01,0.001,0.001,0.001,0.001
2020-05-06,0.001,0.001,0.1,0.001,0.001,10.0,0.001,10.0,10.0,10.0,0.001,0.001,0.001,0.001,1.0,0.1,0.001,0.001,0.001,0.001
2020-05-13,0.01,0.001,0.001,0.01,0.1,0.01,0.01,1.0,0.001,10.0,0.001,0.001,0.01,0.001,10.0,0.01,0.1,0.001,0.01,0.001
2020-05-20,0.01,0.001,0.001,0.001,0.001,0.1,0.001,1.0,0.001,0.01,0.001,0.001,0.001,0.001,0.001,0.001,0.001,0.001,0.01,0.001
2020-05-27,0.01,0.001,0.001,0.001,0.001,0.01,0.001,0.1,0.001,0.01,0.001,0.001,0.001,0.001,0.001,0.001,0.001,0.001,0.001,0.001
2020-06-03,0.001,0.001,0.01,0.001,0.001,0.001,0.001,0.001,0.001,0.01,0.001,0.001,0.001,0.01,0.001,0.001,0.001,0.001,0.001,0.001
2020-06-10,0.001,0.001,0.001,0.001,0.001,0.001,0.001,0.001,0.001,0.01,0.001,0.001,0.001,0.01,1.0,0.001,0.001,0.001,0.001,0.001
2020-06-17,0.001,0.1,1.0,10.0,10.0,0.001,0.001,0.1,0.001,0.01,0.001,0.001,0.001,10.0,0.01,0.001,0.001,0.001,0.001,0.001
2020-06-24,0.01,0.1,0.001,0.001,10.0,0.001,10.0,0.01,0.001,0.01,0.001,0.001,0.001,0.01,10.0,0.001,0.001,0.001,0.001,0.001
2020-07-01,1.0,0.01,0.001,0.001,10.0,0.001,0.1,0.01,0.001,0.1,0.001,0.001,0.1,0.1,0.001,0.001,0.001,0.001,0.1,0.001
2020-07-08,0.001,0.01,1.0,0.001,0.001,0.001,0.01,0.01,0.001,1.0,0.001,0.001,0.001,0.1,0.001,0.001,0.001,0.001,0.001,0.001
2020-07-15,0.001,0.001,0.01,0.001,0.001,0.001,0.01,1.0,0.001,0.01,0.001,0.1,0.001,0.01,1.0,0.001,0.001,0.1,0.001,0.001
2020-07-22,0.001,10.0,10.0,0.001,0.001,0.001,0.01,1.0,0.001,0.01,0.001,0.001,10.0,0.1,10.0,0.001,0.001,0.001,0.1,0.001
2020-07-29,0.001,10.0,10.0,0.001,0.001,0.001,0.1,0.01,0.001,0.01,0.001,0.001,0.001,0.001,0.001,0.001,0.001,0.001,1.0,0.001
2020-08-05,10.0,10.0,10.0,0.001,0.001,0.001,0.001,0.001,0.01,0.01,0.001,0.001,0.001,0.001,0.001,0.001,0.001,0.001,0.01,0.001
2020-08-12,0.001,1.0,10.0,0.001,0.001,0.001,0.1,10.0,0.1,0.001,0.001,0.001,0.001,0.01,0.001,0.001,0.001,0.001,10.0,0.001
2020-08-19,0.001,10.0,0.1,0.001,0.001,0.01,10.0,10.0,0.001,0.01,0.1,0.001,0.001,0.001,0.001,0.001,0.001,0.001,10.0,0.001
2020-08-26,0.001,0.001,0.1,0.001,0.001,0.01,1.0,0.1,0.001,0.001,0.01,0.001,0.001,0.1,0.001,10.0,0.001,0.001,0.01,0.001
2020-09-02,0.001,0.001,0.1,0.001,0.001,0.1,0.001,0.01,0.01,0.01,0.001,0.001,0.01,0.01,0.001,10.0,0.001,0.001,0.001,0.001
2020-09-09,1.0,0.001,0.1,0.001,0.001,1.0,10.0,10.0,0.01,0.001,10.0,0.001,0.001,0.001,1.0,10.0,10.0,0.001,10.0,0.001
2020-09-16,0.001,0.1,0.01,0.001,10.0,1.0,1.0,0.1,0.01,0.001,0.001,0.001,0.001,10.0,10.0,10.0,1.0,0.001,0.1,0.001
2020-09-23,0.001,10.0,10.0,0.001,0.001,10.0,0.1,0.01,0.001,0.001,0.001,0.001,0.001,10.0,10.0,0.001,10.0,0.001,0.01,0.001
2020-09-30,10.0,10.0,10.0,0.001,0.001,0.01,0.01,0.01,0.001,0.1,0.001,0.001,0.001,1.0,0.001,0.001,1.0,0.001,0.001,0.001
2020-10-07,0.001,0.001,10.0,0.001,0.001,0.001,0.01,10.0,0.001,0.1,0.001,1.0,10.0,0.001,0.001,0.001,0.001,0.001,0.001,0.001
2020-10-14,0.001,1.0,10.0,0.001,0.001,0.001,0.01,10.0,0.001,10.0,0.001,1.0,1.0,0.001,0.001,10.0,0.001,0.001,0.001,0.001
2020-10-21,0.001,10.0,10.0,0.001,0.001,1.0,0.001,1.0,1.0,10.0,0.001,0.001,10.0,1.0,10.0,10.0,0.001,0.001,1.0,0.001
2020-10-28,0.01,1.0,0.01,0.001,10.0,10.0,0.001,10.0,10.0,0.001,0.001,0.001,0.001,0.001,0.01,1.0,0.001,10.0,0.001,0.001
2020-11-04,0.001,10.0,1.0,0.001,0.001,1.0,0.001,10.0,0.001,0.001,0.001,10.0,0.001,0.001,0.001,0.01,0.001,0.001,0.001,0.001
2020-11-11,0.001,10.0,10.0,0.001,10.0,1.0,0.001,0.001,0.001,10.0,0.001,0.001,0.001,0.001,0.001,1.0,0.001,0.001,0.001,0.001
2020-11-18,10.0,10.0,10.0,1.0,1.0,0.1,0.001,0.001,0.001,1.0,0.001,0.1,0.01,0.001,1.0,10.0,0.001,10.0,0.001,0.001
2020-11-25,0.001,10.0,10.0,10.0,0.1,0.1,10.0,10.0,0.001,1.0,0.001,0.001,0.1,0.001,10.0,0.01,0.001,1.0,10.0,0.001
2020-12-02,0.001,10.0,0.001,10.0,10.0,0.1,10.0,0.001,0.001,10.0,0.001,0.001,0.001,0.1,0.001,10.0,0.001,0.001,10.0,0.001
2020-12-09,0.001,10.0,0.001,0.001,10.0,0.01,10.0,0.001,0.001,0.001,0.001,0.001,0.001,10.0,0.001,10.0,10.0,10.0,0.001,0.001
2020-12-16,0.001,0.001,0.001,0.001,10.0,0.001,0.01,10.0,0.001,10.0,0.001,0.001,10.0,10.0,0.001,10.0,0.001,0.001,10.0,0.001
2020-12-23,0.001,0.001,0.001,0.001,10.0,10.0,0.001,0.001,0.001,1.0,0.001,0.001,0.001,10.0,0.001,10.0,0.1,0.01,0.1,0.001
2020-12-30,0.001,0.1,0.001,0.001,0.01,0.01,0.01,0.001,0.001,1.0,0.001,0.001,0.001,10.0,0.001,10.0,0.1,0.01,0.1,0.001
2021-01-06,0.001,0.1,0.001,0.001,0.001,0.01,0.01,0.001,0.001,0.001,0.1,0.001,0.01,10.0,0.001,10.0,0.001,0.001,1.0,0.001
2021-01-13,1.0,10.0,0.001,0.001,0.001,0.01,10.0,0.1,0.001,0.01,0.01,0.001,0.001,0.001,0.001,0.01,1.0,0.001,0.01,0.001
2021-01-20,0.001,10.0,0.001,1.0,0.001,0.001,0.1,0.1,0.001,0.001,0.001,0.001,0.001,0.01,0.001,1.0,10.0,0.001,0.1,0.001
2021-01-27,10.0,0.001,1.0,0.001,10.0,0.001,1.0,1.0,0.01,0.001,0.1,0.001,0.1,10.0,10.0,10.0,0.001,0.001,0.1,0.001
2021-02-03,0.001,0.001,1.0,10.0,10.0,0.001,1.0,1.0,0.001,0.001,10.0,0.001,0.001,10.0,10.0,10.0,10.0,0.001,1.0,0.001
2021-02-10,0.01,10.0,10.0,0.001,1.0,10.0,0.1,0.1,0.001,0.001,0.1,0.001,0.001,10.0,0.1,0.001,10.0,0.001,0.001,0.001
2021-02-17,0.1,0.001,0.01,10.0,10.0,10.0,0.001,10.0,0.001,0.001,0.001,0.01,0.001,0.1,0.1,0.01,0.001,0.001,0.001,0.001
2021-02-24,0.01,10.0,0.01,0.01,0.001,1.0,0.1,10.0,0.001,0.01,10.0,0.1,1.0,0.1,0.1,0.01,0.001,0.001,0.001,0.001
2021-03-03,1.0,0.001,1.0,10.0,10.0,1.0,1.0,0.001,0.001,0.001,0.001,10.0,10.0,0.01,10.0,0.01,10.0,10.0,0.001,0.001
2021-03-10,10.0,0.001,10.0,10.0,10.0,0.001,1.0,0.1,0.001,0.001,10.0,10.0,10.0,1.0,0.001,0.001,10.0,10.0,0.01,0.001
2021-03-17,0.001,0.001,10.0,10.0,10.0,0.001,0.01,10.0,0.001,10.0,0.001,10.0,0.001,1.0,0.001,0.01,0.001,0.001,10.0,0.001
2021-03-24,1.0,0.1,0.001,0.001,0.001,0.1,0.001,10.0,0.001,10.0,10.0,10.0,1.0,0.001,0.001,0.01,0.001,0.001,1.0,0.001
2021-03-31,0.001,0.001,10.0,0.01,10.0,0.001,0.1,10.0,0.001,0.001,0.001,0.001,10.0,10.0,0.001,0.001,0.01,0.001,0.001,0.001
2021-04-07,0.001,10.0,10.0,10.0,10.0,0.1,0.01,10.0,0.01,0.001,0.001,1.0,10.0,10.0,0.001,0.001,0.001,0.001,0.001,0.001
2021-04-14,0.001,10.0,0.001,10.0,0.1,0.001,10.0,10.0,0.1,1.0,0.001,0.001,10.0,0.001,0.001,0.001,1.0,0.001,1.0,0.001
2021-04-21,0.001,10.0,0.001,10.0,0.001,0.01,0.01,1.0,0.01,0.01,0.1,10.0,0.1,1.0,0.001,0.1,0.01,0.001,0.001,0.001
2021-04-28,0.001,10.0,10.0,10.0,0.001,1.0,0.01,10.0,0.001,10.0,0.001,0.001,10.0,1.0,0.001,10.0,0.001,0.001,10.0,0.001
2021-05-05,0.001,0.001,0.001,10.0,0.001,10.0,0.001,10.0,1.0,10.0,10.0,0.001,0.001,0.001,0.001,10.0,0.01,0.001,0.001,0.001
2021-05-12,0.001,0.1,0.1,0.01,0.001,0.001,0.001,10.0,10.0,10.0,0.001,1.0,0.01,0.001,0.001,0.001,0.1,0.001,10.0,0.001
2021-05-19,0.001,0.1,0.1,10.0,0.001,0.001,10.0,10.0,10.0,0.01,0.001,0.001,0.001,0.001,0.001,10.0,0.01,0.1,0.01,0.001
2021-05-26,0.001,0.001,1.0,0.001,0.001,0.1,0.001,1.0,0.001,0.01,0.001,10.0,0.001,0.001,0.001,1.0,0.1,1.0,0.1,0.001
2021-06-02,0.001,1.0,0.001,0.001,0.001,0.1,0.001,1.0,0.01,0.01,0.001,10.0,10.0,10.0,0.001,10.0,0.001,10.0,1.0,0.001
2021-06-09,0.001,0.1,0.001,0.001,0.001,0.1,10.0,10.0,0.001,0.1,10.0,10.0,0.001,0.001,0.001,0.001,10.0,0.001,0.001,0.001
2021-06-16,0.1,10.0,10.0,0.001,0.001,0.01,10.0,10.0,1.0,0.1,10.0,10.0,0.001,0.001,0.001,10.0,10.0,0.01,10.0,0.001
2021-06-23,0.001,1.0,0.001,0.001,0.001,10.0,10.0,0.001,0.001,0.1,10.0,0.001,0.001,0.001,0.001,0.001,0.001,1.0,0.001,0.001
2021-06-30,0.001,10.0,0.01,10.0,1.0,10.0,0.1,0.001,10.0,0.001,10.0,0.001,10.0,0.001,0.01,0.01,10.0,0.001,0.001,0.001
2021-07-07,0.001,1.0,10.0,10.0,0.001,10.0,0.01,0.001,10.0,0.01,10.0,0.001,0.001,0.001,0.001,0.01,0.001,0.001,0.001,0.001
2021-07-14,0.001,10.0,0.1,0.001,0.001,0.001,1.0,0.001,0.01,0.001,0.001,0.001,0.1,0.001,0.001,0.001,10.0,10.0,0.001,0.001
2021-07-21,0.001,10.0,0.001,0.001,0.1,10.0,0.001,10.0,10.0,10.0,0.001,0.001,10.0,0.001,0.001,1.0,10.0,0.001,10.0,0.001
2021-07-28,0.001,10.0,10.0,0.001,1.0,10.0,0.001,0.001,0.001,10.0,0.001,0.001,0.001,0.001,1.0,1.0,0.001,0.001,0.001,0.001
2021-08-04,0.001,0.001,10.0,0.001,1.0,0.001,0.001,10.0,0.001,10.0,0.001,0.001,0.001,0.001,1.0,10.0,0.001,0.1,1.0,0.001
2021-08-11,0.001,10.0,1.0,0.001,10.0,10.0,10.0,10.0,0.001,0.001,0.001,0.001,0.001,0.001,0.001,10.0,1.0,0.001,0.001,0.001
2021-08-18,0.001,1.0,10.0,1.0,0.001,10.0,0.001,1.0,0.001,0.01,0.001,0.001,0.001,0.001,0.001,0.001,1.0,0.01,0.1,0.001
2021-08-25,0.001,10.0,10.0,0.001,0.001,1.0,10.0,10.0,0.001,10.0,0.001,0.001,0.001,0.001,0.001,10.0,0.01,0.01,0.01,0.001
2021-09-01,10.0,10.0,0.1,0.001,0.001,1.0,0.01,10.0,0.001,0.001,10.0,0.001,10.0,0.001,0.001,0.01,0.001,1.0,0.001,0.001
2021-09-08,0.001,10.0,10.0,0.001,10.0,10.0,0.001,10.0,0.001,0.001,0.001,0.001,10.0,0.001,10.0,10.0,0.001,10.0,10.0,0.001
2021-09-15,0.001,0.1,1.0,0.001,10.0,0.1,0.1,1.0,0.001,0.001,0.01,0.001,10.0,0.001,0.1,0.001,0.01,1.0,0.1,0.001
2021-09-22,0.001,0.01,10.0,0.001,0.1,0.01,0.001,10.0,0.001,0.1,10.0,0.001,0.001,0.001,10.0,0.001,10.0,1.0,0.001,0.001
2021-09-29,0.001,0.001,0.001,0.001,0.01,0.01,0.001,0.001,0.001,0.1,10.0,0.001,0.001,0.001,10.0,10.0,0.001,10.0,0.001,0.1
2021-10-06,0.001,0.001,0.001,0.001,1.0,0.01,10.0,0.01,0.001,10.0,10.0,0.001,0.001,0.001,1.0,1.0,0.001,10.0,0.001,0.1
2021-10-13,0.001,0.001,0.001,0.001,1.0,0.001,0.001,0.01,0.001,10.0,0.001,0.01,0.001,1.0,10.0,1.0,10.0,10.0,0.001,0.1
2021-10-20,10.0,0.001,10.0,10.0,1.0,0.001,10.0,0.01,0.01,1.0,0.1,0.001,0.001,10.0,1.0,10.0,10.0,0.001,0.001,0.1
2021-10-27,0.001,10.0,0.001,0.001,10.0,0.001,0.001,0.001,0.001,10.0,0.01,10.0,0.001,1.0,0.001,10.0,10.0,0.001,0.001,10.0
2021-11-03,0.001,10.0,0.001,0.001,0.001,0.001,0.001,0.001,0.001,10.0,0.001,10.0,0.001,0.001,0.001,10.0,10.0,10.0,0.01,10.0
2021-11-10,0.001,0.001,0.001,0.001,0.001,1.0,0.001,0.001,0.001,10.0,0.001,10.0,0.001,1.0,10.0,0.01,0.001,0.001,0.001,10.0
2021-11-17,0.001,0.001,0.001,10.0,0.001,1.0,0.01,0.001,1.0,10.0,0.001,0.001,0.1,0.01,0.1,0.001,10.0,0.001,0.001,10.0
2021-11-24,0.001,0.1,0.001,10.0,0.001,1.0,0.001,0.001,0.01,1.0,0.001,0.001,0.001,10.0,0.01,0.1,0.1,0.001,0.001,0.1
2021-12-01,0.001,0.01,0.001,1.0,0.001,0.1,0.001,10.0,0.001,1.0,0.001,0.001,0.001,0.001,0.001,0.001,0.1,0.001,10.0,0.001
2021-12-08,0.001,0.01,0.001,0.001,0.001,0.001,0.001,10.0,0.001,0.001,0.001,10.0,0.001,0.001,0.001,0.001,0.01,0.001,10.0,0.001
2021-12-15,0.001,0.001,0.001,0.001,0.001,0.001,0.001,10.0,0.001,0.001,0.001,10.0,0.001,0.001,0.001,10.0,0.001,0.001,10.0,0.001
2021-12-22,0.001,0.01,0.001,0.001,0.001,0.001,0.001,10.0,0.001,0.001,0.001,0.001,0.001,0.001,1.0,0.1,0.001,10.0,10.0,10.0
2021-12-29,0.001,0.01,0.001,0.001,0.01,0.001,0.001,1.0,0.001,0.001,0.001,0.001,1.0,0.001,0.001,0.001,10.0,0.001,0.1,10.0
2022-01-05,0.001,0.01,0.001,0.001,0.001,0.001,0.001,0.001,0.001,0.01,0.001,0.001,10.0,0.001,10.0,0.001,1.0,10.0,0.001,0.001
2022-01-12,0.001,10.0,0.001,0.001,0.001,0.001,0.001,10.0,0.001,1.0,0.001,0.001,0.001,10.0,10.0,0.001,10.0,0.001,0.001,0.001
2022-01-19,0.001,10.0,0.001,0.001,0.001,0.001,10.0,10.0,0.001,10.0,0.001,0.001,10.0,0.001,0.001,0.001,10.0,0.001,0.001,0.001
2022-01-26,0.01,10.0,10.0,0.001,0.001,0.001,1.0,0.001,0.001,1.0,0.001,0.001,0.001,0.1,0.001,0.001,0.01,0.001,0.001,0.001
2022-02-02,0.01,10.0,0.001,10.0,0.001,0.001,0.001,0.001,0.001,10.0,0.001,0.001,0.001,0.001,0.001,0.001,0.001,0.001,0.001,0.001
2022-02-09,0.001,1.0,10.0,0.001,0.001,0.001,1.0,0.001,0.01,10.0,0.001,0.001,1.0,0.001,0.001,0.001,0.001,10.0,0.001,0.001
2022-02-16,0.001,0.001,0.001,0.001,0.001,0.01,10.0,0.1,0.001,1.0,0.001,0.001,0.001,0.001,0.001,0.001,0.001,0.001,0.001,0.001
2022-02-23,0.001,10.0,0.001,0.001,10.0,10.0,1.0,0.001,1.0,1.0,10.0,0.001,0.001,0.001,0.001,0.001,0.001,0.001,0.001,0.001
2022-03-02,0.001,1.0,0.001,0.001,0.001,10.0,0.001,0.001,0.001,10.0,10.0,0.001,0.001,0.001,1.0,10.0,0.001,1.0,0.001,0.001
2022-03-09,0.001,1.0,0.01,0.001,0.001,0.001,0.001,10.0,0.001,1.0,10.0,0.001,0.001,0.001,10.0,10.0,0.001,0.001,10.0,0.001
2022-03-16,0.001,0.001,0.1,0.001,10.0,10.0,0.001,0.001,0.001,0.1,10.0,0.001,0.001,0.001,10.0,1.0,0.001,0.001,0.001,0.001
2022-03-23,0.001,0.001,0.001,0.001,1.0,0.01,0.001,0.001,0.001,0.1,10.0,0.001,0.001,0.001,0.01,10.0,0.001,0.001,1.0,0.001
2022-03-30,0.001,0.001,0.001,0.001,0.01,10.0,0.001,10.0,0.001,0.1,1.0,10.0,0.001,0.001,10.0,10.0,0.001,10.0,0.001,0.01
2022-04-06,0.001,0.01,0.01,0.001,0.001,10.0,1.0,1.0,0.001,0.1,0.01,10.0,0.1,0.001,0.001,0.001,10.0,10.0,10.0,0.1
2022-04-13,0.001,10.0,10.0,0.001,0.001,10.0,0.001,10.0,0.001,0.1,0.01,10.0,0.001,0.01,0.001,0.001,1.0,0.001,10.0,0.001
2022-04-20,0.001,10.0,10.0,0.001,0.001,0.001,0.001,10.0,0.001,0.001,0.1,10.0,0.1,1.0,0.001,0.001,0.001,0.001,0.001,0.1
2022-04-27,0.001,0.01,0.001,0.001,0.1,0.001,0.001,0.001,0.001,1.0,10.0,1.0,10.0,10.0,0.001,0.001,1.0,0.001,0.001,0.001
2022-05-04,0.001,0.01,10.0,0.001,0.001,0.01,0.001,0.1,0.001,10.0,10.0,0.001,10.0,0.01,10.0,0.001,0.1,0.001,1.0,0.001
2022-05-11,0.01,0.001,10.0,0.001,0.001,0.1,0.01,0.1,0.001,0.001,0.1,1.0,10.0,0.001,10.0,0.001,0.001,0.001,10.0,0.001
2022-05-18,10.0,10.0,10.0,0.001,0.001,0.01,0.01,1.0,0.001,10.0,0.001,0.001,10.0,0.001,10.0,0.001,0.001,0.001,10.0,0.001
2022-05-25,0.01,0.1,0.001,0.001,0.001,1.0,0.001,0.1,0.001,10.0,10.0,0.001,10.0,0.001,0.001,0.001,0.001,0.001,10.0,10.0
2022-06-01,1.0,10.0,0.001,0.001,0.1,10.0,10.0,0.001,0.1,0.001,10.0,0.001,10.0,0.001,0.001,0.001,0.001,0.001,10.0,0.001
2022-06-08,10.0,10.0,0.001,0.001,1.0,10.0,10.0,0.001,0.001,1.0,0.1,0.001,0.001,0.001,0.001,10.0,0.01,0.001,10.0,0.001
2022-06-15,10.0,10.0,0.001,10.0,0.001,10.0,0.001,0.01,0.001,10.0,10.0,0.001,0.001,0.001,0.001,1.0,0.01,0.001,1.0,0.001
2022-06-22,1.0,10.0,0.001,10.0,0.001,1.0,0.001,0.001,0.001,10.0,0.001,1.0,0.001,0.001,0.001,10.0,1.0,0.1,1.0,0.001
2022-06-29,1.0,1.0,0.001,0.001,0.001,1.0,0.001,0.001,0.001,0.001,0.001,0.001,0.001,0.001,0.001,1.0,0.01,10.0,0.001,0.001
2022-07-06,0.001,10.0,0.001,10.0,0.001,10.0,0.001,0.001,0.001,10.0,10.0,0.001,0.001,0.001,0.001,1.0,10.0,10.0,0.001,0.001
2022-07-13,0.001,10.0,0.001,0.001,0.001,10.0,0.01,1.0,0.001,10.0,0.001,0.001,0.001,0.001,0.001,0.001,1.0,1.0,0.001,0.001
2022-07-20,0.001,10.0,0.001,0.001,0.001,0.001,0.01,10.0,0.001,1.0,0.001,0.001,0.001,0.001,0.001,0.001,1.0,10.0,0.001,0.001
2022-07-27,0.001,10.0,0.001,10.0,0.001,0.001,0.1,1.0,0.001,1.0,0.001,0.001,1.0,0.001,0.001,10.0,0.001,10.0,0.01,0.001
2022-08-03,0.001,1.0,0.001,10.0,0.001,1.0,0.1,1.0,0.001,1.0,1.0,0.001,10.0,0.001,0.001,1.0,0.001,0.001,1.0,0.001
2022-08-10,0.001,0.1,0.01,0.001,0.001,0.1,0.01,10.0,0.001,10.0,10.0,10.0,0.001,0.001,0.001,0.001,1.0,10.0,10.0,10.0
2022-08-17,0.001,0.001,0.01,0.001,0.01,0.001,0.1,0.01,0.001,0.01,10.0,0.001,0.001,10.0,0.001,0.01,10.0,10.0,0.001,0.1
2022-08-24,0.001,10.0,0.01,0.001,0.01,0.001,0.01,0.01,0.001,0.01,0.001,0.001,0.001,0.001,0.001,0.001,0.1,10.0,0.1,0.1
2022-08-31,10.0,0.001,0.01,0.001,10.0,0.001,0.01,10.0,0.001,0.001,0.001,0.1,0.001,0.001,0.001,0.001,0.1,10.0,0.01,0.01
2022-09-07,0.1,0.01,0.01,0.001,0.01,0.001,0.1,0.001,0.001,0.001,0.001,0.001,0.001,0.001,0.001,0.001,0.001,10.0,1.0,1.0
2022-09-14,0.001,0.001,0.01,0.001,0.001,1.0,0.001,10.0,0.001,0.001,0.001,0.001,0.001,0.1,0.001,0.001,0.001,1.0,0.01,0.1
2022-09-21,0.001,0.001,10.0,10.0,0.001,0.001,0.001,1.0,0.001,10.0,0.001,0.001,0.001,10.0,0.001,0.001,0.001,0.001,0.01,10.0
2022-09-28,0.01,0.001,1.0,10.0,0.1,10.0,0.001,0.001,10.0,10.0,0.001,0.001,10.0,10.0,10.0,1.0,0.001,1.0,10.0,10.0
2022-10-05,10.0,0.001,0.001,0.001,0.01,10.0,0.001,0.001,0.001,10.0,0.001,0.001,10.0,0.001,0.001,0.001,10.0,0.01,0.001,10.0
2022-10-12,0.001,0.001,1.0,0.001,1.0,10.0,0.001,0.01,10.0,10.0,0.001,10.0,0.001,0.001,10.0,1.0,10.0,0.001,10.0,1.0
2022-10-19,0.001,0.001,10.0,0.001,10.0,1.0,10.0,0.01,1.0,0.001,0.001,10.0,0.001,0.001,10.0,0.001,10.0,0.01,10.0,0.001
2022-10-26,10.0,0.01,0.001,0.001,0.001,0.001,0.001,0.001,10.0,10.0,0.001,10.0,10.0,0.001,0.001,0.001,10.0,0.01,10.0,0.001
2022-11-02,1.0,0.001,0.1,0.001,1.0,0.001,0.001,10.0,10.0,0.001,1.0,0.001,1.0,0.1,0.001,0.1,1.0,0.001,10.0,0.01
2022-11-09,1.0,0.01,10.0,0.001,10.0,0.001,0.001,10.0,10.0,0.001,0.01,0.001,0.001,0.001,0.001,0.001,1.0,0.001,10.0,10.0
2022-11-16,10.0,0.001,0.001,0.001,10.0,0.01,0.001,0.01,10.0,0.001,0.1,10.0,0.001,1.0,0.01,0.001,0.001,0.001,10.0,10.0
2022-11-23,10.0,0.001,0.001,0.001,0.001,0.001,0.001,0.01,0.001,0.01,0.1,0.1,0.001,0.001,0.1,0.001,0.1,0.001,10.0,10.0
2022-11-30,0.001,0.001,0.001,0.001,0.001,0.001,10.0,0.01,0.001,0.01,10.0,0.001,0.001,0.001,0.1,0.001,0.001,0.001,1.0,0.001
2022-12-07,0.001,1.0,0.001,0.001,0.001,0.001,10.0,0.01,0.001,0.01,10.0,0.1,0.001,0.001,0.001,0.1,0.001,0.01,1.0,0.001
2022-12-14,0.001,0.001,0.001,0.001,0.001,0.001,10.0,1.0,0.001,0.01,10.0,0.01,0.001,0.001,0.01,0.01,0.1,0.001,1.0,0.01
2022-12-21,0.001,10.0,0.001,0.001,0.001,0.001,1.0,1.0,10.0,0.001,1.0,0.1,0.01,0.001,0.001,0.001,0.01,0.01,0.001,0.01
2022-12-28,0.001,1.0,0.001,0.001,0.001,0.001,0.1,1.0,10.0,0.01,0.01,0.1,0.1,0.001,0.001,0.001,10.0,0.001,1.0,0.001
2023-01-04,0.001,10.0,0.001,0.001,0.001,0.1,0.001,0.1,0.001,0.01,0.01,1.0,0.001,0.001,0.001,10.0,1.0,0.001,10.0,10.0
2023-01-11,0.001,10.0,0.001,0.001,0.001,1.0,0.001,10.0,10.0,0.01,0.01,10.0,0.001,1.0,0.001,10.0,0.01,10.0,10.0,10.0
2023-01-18,0.001,10.0,0.001,0.001,0.001,10.0,0.001,0.001,0.001,0.001,0.01,0.001,0.001,0.001,0.1,1.0,10.0,0.1,0.01,0.1
2023-01-25,0.001,10.0,0.001,0.001,0.001,10.0,0.001,0.001,0.001,10.0,0.01,0.001,0.001,0.001,0.001,10.0,10.0,1.0,0.001,0.001
2023-02-01,0.1,0.001,0.001,0.001,0.001,0.001,10.0,0.001,0.01,10.0,0.1,0.001,0.001,0.001,0.01,0.01,10.0,0.001,1.0,0.01
2023-02-08,10.0,0.1,0.001,10.0,0.001,1.0,10.0,10.0,0.1,1.0,0.001,10.0,0.001,0.001,1.0,10.0,0.001,0.01,1.0,1.0
2023-02-15,10.0,0.001,0.001,0.01,0.1,10.0,10.0,0.1,0.001,10.0,1.0,0.001,0.001,0.001,0.001,10.0,0.001,0.001,0.01,1.0
2023-02-22,10.0,0.001,0.001,0.01,0.1,0.1,1.0,0.01,0.001,10.0,0.1,10.0,0.001,0.001,10.0,0.001,0.1,0.001,0.1,10.0
2023-03-01,10.0,0.001,0.001,10.0,0.1,0.1,10.0,1.0,1.0,10.0,10.0,0.001,0.001,0.001,1.0,0.001,0.1,0.1,0.001,1.0
2023-03-08,0.01,0.01,0.001,1.0,0.01,0.1,10.0,1.0,0.001,10.0,10.0,0.001,0.001,0.1,10.0,10.0,0.001,0.001,0.001,10.0
2023-03-15,0.01,0.001,0.001,0.001,10.0,1.0,10.0,0.001,0.001,0.01,0.001,0.001,0.001,10.0,0.001,0.001,0.1,1.0,1.0,1.0
2023-03-22,10.0,10.0,0.001,0.001,10.0,0.001,10.0,0.001,0.001,0.001,10.0,0.001,0.001,0.001,10.0,0.001,1.0,10.0,10.0,10.0
2023-03-29,10.0,0.001,0.001,0.001,10.0,0.001,0.001,0.001,0.001,0.01,10.0,0.001,0.001,0.001,10.0,0.001,0.1,10.0,0.1,0.01
2023-04-05,0.001,10.0,0.001,0.001,10.0,10.0,0.001,10.0,10.0,0.01,1.0,0.001,0.001,0.001,0.001,0.001,0.001,10.0,0.001,10.0
2023-04-12,0.001,10.0,0.001,0.001,10.0,10.0,0.001,10.0,10.0,0.01,1.0,0.001,0.001,10.0,0.001,0.001,0.001,10.0,0.1,1.0
2023-04-19,10.0,10.0,0.001,0.001,10.0,0.001,0.01,10.0,0.001,0.1,1.0,0.01,10.0,1.0,0.001,0.001,0.001,10.0,0.1,10.0
2023-04-26,10.0,10.0,0.001,0.001,1.0,10.0,0.01,10.0,0.001,10.0,0.001,1.0,0.001,1.0,10.0,0.1,0.001,0.01,0.1,10.0
2023-05-03,0.001,0.01,10.0,0.001,0.001,10.0,0.1,10.0,0.001,10.0,0.001,1.0,0.001,10.0,0.001,0.001,0.001,0.01,0.01,10.0
2023-05-10,0.001,0.1,1.0,0.001,0.001,10.0,0.01,10.0,0.001,10.0,0.001,0.001,0.001,0.01,0.001,0.001,10.0,10.0,0.1,10.0
2023-05-17,0.001,0.01,10.0,0.001,10.0,0.001,0.1,0.1,0.001,1.0,0.001,0.001,0.001,0.01,0.01,0.001,0.01,0.01,10.0,10.0
2023-05-24,0.001,0.01,10.0,0.001,0.1,0.001,10.0,0.01,0.001,0.001,0.01,0.001,0.001,10.0,0.001,0.001,10.0,0.01,10.0,10.0
2023-05-31,0.001,0.01,10.0,0.1,0.1,0.01,10.0,0.01,0.001,0.01,0.01,0.1,0.01,10.0,0.001,0.01,0.01,0.01,10.0,1.0
2023-06-07,0.001,0.001,0.1,0.001,0.1,0.001,0.01,0.01,0.001,0.01,0.001,0.1,0.001,0.01,0.001,0.01,0.01,10.0,10.0,10.0
2023-06-14,10.0,0.001,0.001,0.001,0.01,0.001,10.0,0.1,0.001,1.0,1.0,10.0,0.001,0.01,1.0,1.0,0.001,10.0,10.0,0.001
2023-06-21,10.0,0.01,0.001,0.001,10.0,0.1,0.001,0.1,0.001,10.0,0.001,0.001,0.001,0.001,0.01,10.0,10.0,10.0,10.0,0.001
2023-06-28,1.0,1.0,0.001,0.001,0.001,0.001,0.001,0.01,0.001,10.0,10.0,0.001,0.001,0.001,0.001,10.0,10.0,10.0,10.0,0.001
2023-07-05,0.001,1.0,10.0,0.001,0.1,0.01,0.001,0.1,0.001,10.0,10.0,10.0,0.001,0.001,0.001,0.1,0.001,10.0,1.0,0.001
2023-07-12,0.001,0.001,0.001,0.001,0.001,0.001,0.001,0.001,0.001,10.0,0.001,10.0,0.001,0.001,0.001,0.01,10.0,10.0,1.0,0.001
2023-07-19,0.001,0.001,0.001,0.001,0.001,0.001,0.001,0.1,0.001,10.0,1.0,0.001,0.001,0.001,0.001,0.001,1.0,1.0,0.1,0.001
2023-07-26,0.001,0.001,0.001,0.001,0.001,0.001,0.001,0.001,1.0,0.001,10.0,10.0,0.001,0.001,1.0,0.001,0.001,10.0,0.1,0.001
2023-08-02,1.0,0.001,0.001,0.001,0.001,0.01,0.001,10.0,0.1,0.001,1.0,10.0,0.001,0.001,10.0,0.001,0.001,0.01,0.01,0.001
2023-08-09,0.01,0.001,1.0,0.001,0.001,10.0,0.001,1.0,0.001,0.001,10.0,10.0,0.001,0.001,10.0,0.001,10.0,0.01,0.01,0.01
2023-08-16,0.01,10.0,1.0,0.001,10.0,10.0,0.001,10.0,0.001,0.001,10.0,10.0,0.001,10.0,10.0,0.001,1.0,0.01,0.1,0.01
2023-08-23,10.0,0.1,1.0,0.01,0.001,1.0,10.0,0.001,0.001,0.001,0.01,0.01,10.0,10.0,10.0,0.001,0.001,0.001,0.01,0.01
2023-08-30,10.0,0.01,0.001,0.001,10.0,1.0,10.0,10.0,10.0,0.001,10.0,0.01,10.0,0.001,0.001,0.001,0.001,0.01,0.01,0.1
2023-09-06,0.001,0.01,0.001,0.01,0.01,0.001,0.001,1.0,0.01,0.001,0.001,0.001,0.001,10.0,1.0,0.001,10.0,10.0,10.0,0.01
2023-09-13,10.0,0.001,0.001,10.0,10.0,0.001,0.001,1.0,0.001,0.001,0.001,0.001,0.001,10.0,1.0,0.001,0.001,0.001,0.001,0.01
2023-09-20,0.001,1.0,1.0,0.001,10.0,0.001,0.001,0.001,10.0,1.0,10.0,0.001,0.001,10.0,0.001,0.1,0.001,10.0,0.01,10.0
2023-09-27,0.001,0.01,0.001,10.0,10.0,0.001,0.001,0.001,0.001,10.0,10.0,0.001,0.001,0.001,0.001,0.001,0.001,0.001,0.001,0.001
2023-10-04,0.01,0.001,0.001,0.001,10.0,0.001,0.001,0.001,10.0,0.001,0.001,0.1,0.001,0.001,0.001,10.0,0.001,0.1,1.0,1.0
2023-10-11,0.01,0.001,0.001,1.0,10.0,0.001,0.1,0.001,0.1,0.001,0.01,10.0,10.0,0.001,0.001,0.001,0.001,0.1,10.0,0.1
2023-10-18,0.001,0.001,0.001,1.0,10.0,0.001,10.0,0.001,0.001,0.001,0.1,0.001,1.0,0.01,0.001,0.001,0.001,10.0,10.0,10.0
2023-10-25,1.0,0.001,10.0,10.0,10.0,10.0,0.001,1.0,0.001,10.0,1.0,10.0,1.0,0.001,10.0,0.001,0.001,10.0,10.0,0.001
2023-11-01,0.001,10.0,0.001,10.0,0.001,0.001,0.001,0.001,10.0,1.0,10.0,10.0,1.0,10.0,10.0,0.001,0.001,10.0,10.0,0.001
2023-11-08,0.001,0.001,10.0,1.0,10.0,1.0,0.001,1.0,0.001,1.0,10.0,1.0,0.001,10.0,10.0,1.0,0.001,0.001,10.0,0.001
2023-11-15,0.001,10.0,10.0,10.0,10.0,0.001,10.0,10.0,10.0,10.0,10.0,10.0,0.001,0.1,0.001,1.0,0.001,0.001,10.0,10.0
2023-11-22,0.01,0.001,1.0,1.0,10.0,10.0,10.0,10.0,10.0,1.0,10.0,10.0,1.0,0.001,0.001,0.001,0.001,10.0,10.0,1.0
2023-11-29,1.0,1.0,0.001,0.001,0.1,0.1,1.0,0.001,10.0,0.1,10.0,10.0,10.0,0.001,0.001,0.001,0.01,10.0,10.0,10.0
2023-12-06,0.1,10.0,0.001,10.0,0.01,0.001,0.01,0.001,0.1,0.001,10.0,1.0,1.0,10.0,10.0,0.001,0.001,0.001,1.0,10.0
2023-12-13,0.1,0.001,0.001,0.01,0.1,0.01,0.1,0.001,0.1,0.1,10.0,10.0,1.0,0.001,0.001,0.001,0.001,1.0,10.0,0.01
2023-12-20,0.001,10.0,0.001,0.01,0.001,0.001,0.01,0.1,1.0,0.1,10.0,1.0,0.001,10.0,0.001,0.001,0.001,0.001,10.0,1.0
2023-12-27,0.001,1.0,0.001,0.001,0.01,0.001,0.001,0.01,0.001,0.001,0.1,0.001,0.01,0.01,0.001,0.001,0.001,0.001,10.0,0.01
2024-01-03,0.1,0.001,0.001,0.001,0.001,0.1,0.1,0.001,0.001,0.001,10.0,0.001,1.0,0.001,0.001,0.001,0.01,0.001,10.0,0.1
2024-01-10,10.0,1.0,0.001,0.1,0.001,1.0,0.001,10.0,0.001,0.001,1.0,0.01,1.0,0.01,0.001,0.001,0.001,1.0,10.0,0.1
2024-01-17,10.0,0.001,0.001,0.001,0.001,0.01,0.001,0.1,10.0,10.0,10.0,0.001,1.0,0.001,0.01,0.001,0.001,10.0,0.001,0.01
2024-01-24,0.001,0.001,0.001,0.001,10.0,0.1,10.0,0.1,0.001,10.0,10.0,0.001,1.0,0.001,10.0,0.001,1.0,10.0,0.001,0.001
2024-01-31,0.1,0.001,0.001,0.001,10.0,0.01,0.001,0.1,0.001,0.001,10.0,0.001,10.0,0.001,0.001,0.001,1.0,1.0,0.001,10.0
2024-02-07,1.0,0.001,0.001,10.0,10.0,1.0,0.001,1.0,0.001,10.0,10.0,10.0,0.1,10.0,10.0,0.001,1.0,10.0,0.001,10.0
2024-02-14,10.0,0.1,0.001,0.001,10.0,1.0,10.0,0.001,0.001,10.0,0.1,10.0,1.0,10.0,10.0,10.0,10.0,10.0,0.1,10.0
2024-02-21,1.0,0.001,10.0,0.001,0.001,10.0,0.001,0.001,10.0,10.0,0.1,10.0,0.001,0.001,10.0,0.001,1.0,10.0,0.1,0.001
2024-02-28,10.0,10.0,0.001,0.001,0.001,10.0,1.0,10.0,0.001,1.0,0.01,10.0,0.001,0.001,10.0,0.001,0.001,10.0,0.01,0.001
2024-03-06,0.001,0.1,10.0,1.0,0.1,0.001,10.0,1.0,0.001,10.0,1.0,0.001,0.001,0.001,0.1,0.1,0.001,10.0,0.01,0.001
2024-03-13,1.0,1.0,0.001,0.01,10.0,1.0,0.1,10.0,0.001,0.001,0.001,0.001,0.001,0.001,0.001,0.001,10.0,0.001,10.0,0.001
2024-03-20,1.0,0.001,0.001,0.1,10.0,0.001,0.01,10.0,0.001,0.001,1.0,0.001,0.001,0.001,0.001,10.0,0.001,0.001,1.0,10.0
2024-03-27,0.001,1.0,0.001,0.1,1.0,0.001,0.01,0.1,0.001,0.001,1.0,0.01,0.001,0.001,0.001,10.0,10.0,0.001,10.0,10.0
2024-04-03,0.001,10.0,0.001,0.01,10.0,10.0,10.0,0.01,0.01,0.001,10.0,0.001,0.001,0.001,10.0,10.0,10.0,0.001,0.01,10.0
2024-04-10,0.1,0.001,0.001,0.001,10.0,10.0,10.0,0.01,0.1,0.001,0.001,0.01,10.0,0.001,0.01,10.0,0.001,0.001,0.001,10.0
2024-04-17,10.0,0.001,0.001,10.0,10.0,10.0,10.0,0.01,10.0,0.1,10.0,0.1,0.01,1.0,10.0,0.01,0.001,0.01,0.001,1.0
2024-04-24,1.0,0.001,0.001,10.0,1.0,0.01,0.001,10.0,10.0,1.0,0.01,0.01,0.01,10.0,10.0,0.1,0.001,0.001,0.001,10.0
2024-05-01,0.001,0.001,10.0,1.0,0.001,0.01,1.0,1.0,0.001,1.0,0.001,0.001,0.1,0.1,0.001,0.1,0.001,0.1,0.001,10.0
2024-05-08,10.0,0.001,10.0,0.01,10.0,10.0,1.0,10.0,0.001,0.001,0.001,0.01,1.0,0.1,10.0,0.1,10.0,1.0,10.0,10.0
2024-05-15,10.0,10.0,10.0,1.0,10.0,1.0,0.1,10.0,10.0,0.001,0.01,0.01,0.01,0.01,0.001,10.0,0.001,0.1,10.0,0.001
2024-05-22,0.001,10.0,10.0,10.0,0.01,0.01,0.1,10.0,1.0,0.001,0.001,10.0,10.0,0.001,0.001,10.0,0.1,0.1,1.0,0.001
2024-05-29,10.0,0.001,0.001,10.0,0.01,0.001,1.0,0.001,0.001,0.001,10.0,10.0,10.0,0.001,0.001,10.0,0.001,0.001,10.0,0.001
2024-06-05,10.0,0.001,0.001,0.001,0.01,0.1,0.1,10.0,0.001,1.0,10.0,10.0,10.0,0.001,0.001,0.01,1.0,0.1,0.001,0.01
2024-06-12,10.0,0.001,10.0,0.001,0.01,0.01,0.01,10.0,10.0,0.001,10.0,10.0,10.0,10.0,0.001,1.0,10.0,10.0,10.0,0.001
2024-06-19,1.0,1.0,0.01,0.001,0.01,0.001,0.01,10.0,0.001,0.001,10.0,10.0,0.001,10.0,10.0,0.001,10.0,0.1,10.0,0.001
2024-06-26,0.1,10.0,0.01,1.0,0.1,10.0,0.01,0.01,10.0,0.001,10.0,10.0,10.0,10.0,0.001,0.1,10.0,0.01,0.1,0.01
2024-07-03,0.1,1.0,0.001,10.0,0.01,0.001,0.001,0.01,0.01,0.01,0.1,1.0,10.0,10.0,10.0,1.0,10.0,0.001,1.0,0.001
2024-07-10,10.0,0.001,0.001,0.001,10.0,0.001,10.0,0.01,0.001,0.01,1.0,0.001,10.0,10.0,1.0,1.0,10.0,0.001,0.01,0.1
2024-07-17,10.0,0.001,10.0,0.001,10.0,0.001,10.0,0.1,10.0,0.001,0.01,0.001,10.0,10.0,1.0,0.001,10.0,0.1,0.1,0.001
2024-07-24,10.0,10.0,10.0,0.001,0.001,0.001,0.001,0.001,0.001,10.0,0.01,10.0,1.0,0.001,10.0,10.0,10.0,10.0,0.01,0.01
2024-07-31,0.001,1.0,0.001,0.001,0.001,0.001,10.0,10.0,0.001,10.0,0.01,10.0,0.001,10.0,10.0,0.001,0.1,0.1,0.01,0.1
2024-08-07,10.0,0.001,0.001,0.001,10.0,1.0,10.0,0.001,0.001,0.01,0.001,0.01,0.001,0.01,0.001,0.001,0.1,10.0,10.0,0.001
2024-08-14,10.0,0.01,0.001,0.001,0.01,0.001,10.0,0.001,0.001,10.0,0.01,0.01,0.1,0.001,10.0,0.001,0.001,0.001,0.1,10.0
2024-08-21,0.001,0.01,0.001,0.001,0.001,0.001,10.0,0.001,0.001,1.0,0.1,0.1,0.01,0.001,10.0,0.01,0.001,0.001,1.0,10.0
2024-08-28,0.001,10.0,0.001,0.001,0.001,0.001,0.1,0.001,0.001,0.01,0.01,0.1,0.01,10.0,0.001,0.01,0.001,10.0,10.0,10.0
2024-09-04,10.0,10.0,0.001,0.001,0.001,0.001,0.1,0.001,0.001,10.0,10.0,10.0,10.0,0.001,0.001,0.01,0.001,10.0,0.1,10.0
2024-09-11,1.0,10.0,0.001,0.001,0.01,0.01,0.1,0.001,0.1,0.1,0.001,0.001,0.001,0.001,0.01,0.001,0.001,10.0,0.1,10.0
2024-09-18,1.0,0.001,0.001,10.0,0.01,0.01,0.001,0.001,1.0,0.01,0.001,0.001,0.001,10.0,1.0,0.001,0.001,0.001,1.0,10.0
2024-09-25,1.0,0.001,0.001,0.001,10.0,10.0,0.001,0.001,1.0,0.01,0.001,0.001,0.001,0.001,0.1,0.001,0.1,0.001,0.001,10.0
2024-10-02,0.001,0.001,0.001,0.001,0.01,1.0,0.001,0.001,0.001,0.1,0.001,0.001,0.001,0.001,1.0,0.001,0.001,0.001,10.0,0.01
2024-10-09,0.01,0.001,0.001,0.001,0.01,10.0,0.001,0.001,0.001,0.1,0.001,10.0,0.001,0.001,0.001,0.01,0.001,0.001,10.0,0.01
2024-10-16,0.001,10.0,0.001,0.001,0.001,1.0,1.0,10.0,0.001,10.0,0.001,0.001,0.001,0.001,0.001,0.001,0.001,0.001,0.01,0.01
2024-10-23,0.001,0.001,10.0,0.001,10.0,10.0,10.0,0.1,0.01,0.001,0.001,10.0,0.001,10.0,0.001,1.0,10.0,0.1,0.001,0.01
2024-10-30,10.0,10.0,10.0,10.0,10.0,1.0,10.0,10.0,0.001,0.001,10.0,0.001,0.001,0.001,0.001,10.0,10.0,0.001,1.0,0.1
2024-11-06,0.001,0.001,0.001,0.01,10.0,1.0,10.0,10.0,0.001,10.0,0.001,0.001,0.001,1.0,0.001,10.0,10.0,10.0,10.0,10.0
2024-11-13,1.0,10.0,10.0,0.01,10.0,10.0,0.001,10.0,10.0,10.0,10.0,0.001,0.01,0.001,0.001,10.0,0.001,1.0,0.001,0.1
2024-11-20,10.0,0.001,10.0,0.01,0.001,10.0,10.0,1.0,0.001,10.0,10.0,0.001,0.001,0.001,0.01,10.0,10.0,10.0,1.0,10.0
2024-11-27,0.001,0.01,0.1,0.01,0.001,0.001,10.0,0.01,0.001,0.001,10.0,0.001,0.001,0.001,0.001,10.0,10.0,10.0,10.0,1.0
2024-12-04,1.0,0.01,10.0,10.0,0.001,10.0,10.0,0.01,10.0,1.0,1.0,0.001,0.001,0.1,0.001,1.0,10.0,1.0,0.001,10.0
2024-12-11,10.0,0.01,0.01,0.001,0.001,10.0,10.0,0.01,1.0,1.0,0.001,0.001,10.0,0.001,0.001,1.0,0.1,1.0,10.0,10.0
2024-12-18,10.0,10.0,0.1,0.001,0.001,0.001,0.001,0.01,10.0,10.0,0.001,0.001,0.001,10.0,10.0,10.0,0.1,0.01,1.0,10.0
2024-12-25,10.0,10.0,0.01,0.001,0.001,10.0,0.001,10.0,10.0,10.0,0.001,0.001,0.001,10.0,0.001,10.0,0.1,0.1,1.0,10.0
2025-01-01,0.001,10.0,0.01,0.001,0.01,10.0,0.001,0.01,0.001,10.0,10.0,0.001,1.0,10.0,0.001,10.0,0.01,0.1,1.0,0.001
2025-01-08,0.01,10.0,0.001,0.001,0.001,1.0,0.001,0.01,0.001,0.1,0.001,0.01,10.0,0.001,10.0,10.0,0.01,0.1,0.001,0.001
2025-01-15,0.001,0.001,0.001,10.0,0.001,1.0,0.001,0.1,0.001,0.01,0.001,0.001,10.0,10.0,10.0,0.001,0.01,0.001,0.1,0.01
2025-01-22,10.0,10.0,0.001,10.0,0.1,0.1,0.001,0.1,0.001,0.1,0.001,0.01,10.0,0.001,0.001,0.001,0.1,0.001,0.001,0.001
2025-01-29,10.0,10.0,0.001,0.001,1.0,0.01,0.001,0.001,0.01,0.1,0.1,0.01,10.0,1.0,10.0,0.01,0.01,0.001,0.001,0.001
2025-02-05,0.001,10.0,0.001,0.001,10.0,0.001,0.001,0.1,0.1,10.0,0.001,10.0,0.001,10.0,10.0,0.01,1.0,0.01,0.1,0.001
2025-02-12,1.0,10.0,0.001,0.001,10.0,0.01,0.001,10.0,0.01,1.0,0.01,0.001,0.001,0.001,10.0,10.0,10.0,1.0,0.1,0.01
2025-02-19,1.0,1.0,10.0,1.0,0.001,0.001,0.001,10.0,1.0,1.0,0.1,10.0,10.0,10.0,0.001,10.0,0.001,0.01,0.01,1.0
2025-02-26,1.0,1.0,10.0,0.001,10.0,0.01,10.0,10.0,0.001,0.1,0.001,10.0,10.0,10.0,0.01,10.0,0.001,1.0,0.01,10.0
2025-03-05,10.0,0.01,10.0,0.001,10.0,1.0,1.0,10.0,10.0,1.0,10.0,10.0,10.0,0.001,0.001,0.001,1.0,1.0,0.01,1.0
2025-03-12,0.01,0.01,10.0,0.001,0.001,0.001,0.001,0.001,0.001,1.0,0.001,0.001,10.0,1.0,10.0,0.001,0.1,0.001,10.0,0.1
2025-03-19,10.0,0.001,0.001,0.001,10.0,0.001,0.001,0.001,0.001,10.0,10.0,0.001,0.001,0.001,0.001,0.001,10.0,0.001,10.0,10.0
2025-03-26,0.01,10.0,0.001,0.001,1.0,0.001,0.001,10.0,0.001,1.0,0.001,10.0,10.0,0.001,0.001,10.0,1.0,1.0,10.0,10.0
